name, 0, 0.1, 0.2, 0.3, 0.4, 0.5, 0.6, 0.7, 0.8, 0.9, 1.0,Inheritance
AARS2 ,-1.427128,-0.9693946,-0.6609428,-0.5163398,-0.3956721,-0.3914437,-0.1051111,0.4275297,0.7127304,0.7446407,0.7851268,other
ABCA12 ,-1.207802,-0.8944398,-0.6271837,-0.3829681,-0.1805102,0.1109446,0.1282943,0.2888617,0.8834094,1.163715,1.260741,AR
ABCA3 ,-2.949189,-1.790687,-0.8010285,-0.07284911,0.2733041,0.16691,0.1507661,0.5491425,0.8644483,1.006789,1.125904,AR
ABCA4 ,-1.504809,-1.215555,-0.8356692,-0.366396,-0.008495551,0.07986051,0.2447263,0.5176015,0.8252276,1.039189,1.142381,other
ABCB11 ,-3.435426,-2.291508,-1.282465,-0.4969072,-0.03640996,-0.1179417,-0.2216077,0.126154,0.7556642,1.452619,2.167281,AR
ABCB4 ,-0.7900058,-0.580943,-0.5809601,-0.9585028,-1.53991,-0.8305696,-0.3204601,-0.1756856,0.006679806,0.2990688,0.5304573,other
ABCC6 ,-1.366848,-1.190122,-1.016827,-0.5599823,-0.1151012,0.09231169,0.2983551,0.5327565,0.7802058,1.030031,1.257064,other
ABCC8 ,-1.860765,-1.377156,-1.011778,-0.7274756,-0.3359353,0.06808679,0.3458437,0.4715363,0.5166684,0.6152763,0.7167239,other
ABCC9 ,-4.585507,-3.974224,-2.297403,-0.9082812,-0.121834,0.06469829,0.1861271,0.3462508,0.7074209,1.443121,2.397164,AD
ABCD1 ,-5.113511,-3.715994,-2.416474,-1.37295,-0.6481296,-0.3399703,-0.1158772,0.2905107,0.6858305,0.7872124,0.8090852,other
ABL1 ,-1.2887,-0.8843507,-0.5997044,-0.5515854,-0.8819825,-0.4191377,0.100667,0.4146401,0.6156964,0.9487553,1.418757,AD
ACAD8 ,-4.174564,-4.29862,-4.021023,-3.347753,-2.776362,-2.059401,-1.269428,-0.461865,0.2417946,0.3972747,0.2988358,AR
ACAD9 ,-1.286946,-0.9628789,-0.5455209,-0.1389778,-0.05346022,-0.01479118,0.2296728,0.5716815,1.095749,1.894715,2.856594,AR
ACADM ,-0.6662677,-0.8842083,-0.7970794,-0.6211275,-0.5397462,-0.2409197,0.1983191,0.1478147,0.1571108,0.2581602,0.2797242,AR
ACADS ,-1.57863,-2.922681,-3.858582,-4.415652,-3.748696,-2.334683,-1.126566,-0.2716862,0.1264358,0.375811,0.6046307,AR
ACADVL ,-2.276831,-1.784513,-1.408631,-1.288311,-1.127546,-0.3800882,0.4654464,1.585413,3.218471,4.761995,4.71727,AR
ACAT1 ,-3.750451,-4.253015,-3.325435,-1.992871,-0.8952033,-0.7099416,-0.8644459,-0.5187104,0.3140049,1.26256,2.256265,AR
ACSF3 ,-0.5099164,-0.706474,-1.020982,-1.486078,-1.95186,-0.264883,0.136631,0.3276207,0.4876895,0.5379713,0.4834963,other
ACTN2 ,-4.043,-4.376001,-4.457608,-4.408304,-4.268995,-2.608719,-0.9926692,-0.07120793,0.5147859,1.087598,1.693095,AD
ACVRL1 ,-1.543963,-1.196308,-1.039104,-1.102245,-0.9779131,-0.6249143,-0.1951553,0.3522223,0.7077275,0.6844237,0.7002956,AD
ADAMTS13 ,-0.3715734,-0.08528626,0.1128958,0.0992332,0.1964606,0.524229,1.04371,2.146451,3.397892,3.399299,2.459747,AR
ADA ,-4.326959,-4.630705,-4.65466,-3.782052,-2.257196,-0.9735679,-0.03062532,0.02931781,0.2144475,0.5331198,0.7117682,AR
ADCY5 ,-4.795444,-5.008625,-4.008408,-2.242557,-0.7435125,0.4913992,1.519513,1.600091,1.34303,1.258164,1.335791,AD
ADGRG1 ,-0.5806085,-0.1908777,0.3811755,1.194184,2.162015,3.180536,2.522538,2.985169,3.705019,3.99405,3.848793,AR
ADGRV1 ,-0.7537549,-0.3808436,-0.2154387,-0.3809423,-0.3035533,0.1642885,0.7326089,1.188659,1.401242,1.618696,1.903059,other
ADSL ,-0.4814268,-0.7787768,-1.089131,-1.392914,-0.9887751,-0.3726299,0.09081246,0.2898062,0.1105651,0.1808502,0.4317476,AR
AFG3L2 ,-4.365415,-4.573687,-4.560691,-4.402347,-3.448087,-1.960717,-0.7598988,0.203355,0.7738266,0.8836207,0.9675054,other
AGA ,-4.310705,-4.476615,-4.391793,-4.210527,-4.194357,-3.611612,-1.902181,-0.5922332,0.2149689,0.541474,0.6685603,AR
AGL ,-0.8097286,-0.5016616,-0.1364805,0.2198047,0.08392993,-0.3268898,-0.1821986,0.263717,0.4055907,0.4527183,0.460379,AR
AGXT ,-4.535684,-4.449594,-3.086307,-1.929658,-1.063407,-0.6406461,-0.3074111,0.07912429,0.463239,0.9845851,1.625411,AR
AHI1 ,-1.765964,-1.122319,-0.5588548,-0.1500913,0.01933547,0.1669568,0.3918208,0.8148334,1.445109,2.201263,3.044971,other
AIFM1 ,-0.4940059,-0.5294185,-0.6610337,-1.166266,-2.065114,-2.453098,-1.401207,-0.6978053,-0.05127923,0.4461999,0.725943,other
AIPL1 ,-1.776417,-1.096669,-0.6012231,-0.3652627,-0.5342221,-1.115765,-1.542868,-0.4516532,0.5129133,1.312228,2.043527,other
AIRE ,-1.134413,-0.8717733,-0.5730177,-0.008891694,0.6245453,0.9635001,0.6605257,0.6884358,0.8979453,1.012723,1.2719,other
ALAS2 ,-4.484561,-4.755316,-4.703212,-4.337834,-2.636784,-1.564697,-0.7164375,0.07461427,0.544112,0.6653407,0.7280806,other
ALDH18A1 ,-4.302227,-3.436447,-2.046139,-0.9794273,-0.3085695,0.1892736,0.4416144,0.2643182,0.07061998,0.1972091,0.4738561,other
ALDH3A2 ,-4.61195,-4.857072,-3.708753,-2.100731,-0.6518106,0.6862385,1.898674,1.397488,1.034433,0.9197969,0.9423043,AR
ALDH5A1 ,-4.369854,-4.514595,-4.462717,-3.802942,-2.047525,-0.8180176,-0.2474512,0.1051105,0.4046792,0.6806918,0.9174779,AR
ALDH7A1 ,-4.113089,-4.311386,-4.231308,-2.877727,-1.870324,-1.149553,-0.7123596,-0.3259627,0.1998241,0.4856228,0.6015594,other
ALG13 ,-2.406183,-1.454555,-0.6822536,-0.1888745,0.06508179,0.2294033,0.6793332,1.248769,1.363724,1.252848,1.25377,other
ALG1 ,-2.514203,-1.652141,-0.9194719,-0.3098779,0.4206913,1.020918,0.8897651,0.7752691,1.455439,2.583298,3.843798,AR
ALG3 ,-4.565416,-4.655407,-4.461235,-4.298863,-3.828147,-2.002036,-0.2455065,1.542877,3.439925,4.792323,4.682985,AR
ALOX12B ,-0.991681,-0.9054783,-0.8137101,-0.7312129,-0.5710716,-0.01656081,0.9944843,2.676209,4.662347,4.751605,4.528331,AR
ALOXE3 ,-0.4768197,-0.5910112,-0.8529745,-1.055189,-0.2037147,0.119059,-0.0969129,0.1389378,1.250447,2.596263,4.047942,AR
ALPL ,-1.369294,-0.9872827,-0.5282662,-0.1259761,0.2882825,0.3353911,0.3061619,0.7239347,1.656303,2.940043,4.416464,other
ALS2 ,-4.603645,-4.712658,-4.522784,-4.210734,-2.957602,-1.449599,-0.2645192,0.7199232,1.163783,1.30637,1.530663,AR
ANKRD11 ,-1.023865,-0.8452591,-0.4944853,0.01363123,0.3956818,0.7246545,1.154343,1.521956,1.514536,1.529451,1.777551,AD
ANKRD17 ,-4.67681,-3.469101,-1.946214,-0.7424263,0.1627866,0.5980705,0.6191356,0.9663868,1.807863,3.087913,4.476823,other
ANO5 ,-3.345726,-2.250128,-1.298024,-0.5852478,-0.1032162,0.3440568,0.5974136,0.600507,1.000877,1.653452,2.4439,other
ANOS1 ,-4.36244,-4.531908,-4.103787,-2.305645,-0.9640937,-0.2186832,0.03049096,0.1776824,0.9023225,1.940511,3.017454,other
APC ,-0.9685029,-0.9176991,-1.004965,-1.400545,-0.9224158,-0.06650149,0.3739962,0.7955021,1.095646,1.089849,1.131757,other
APOE ,-1.168654,-0.6918673,-0.3121863,-0.01986626,0.2223863,0.4543815,0.4387221,0.04920655,-0.1416758,0.04422446,0.4163392,other
APP ,-3.38518,-2.204215,-1.248124,-0.7113277,-0.5293108,-0.1817614,0.4248833,0.7095869,0.8296225,1.255995,1.911209,AD
ARID1A ,-4.497093,-4.748286,-4.783959,-3.086495,-1.642723,-0.6607088,-0.1462699,0.1863434,0.5678007,0.9504259,1.226637,AD
AR ,-1.211445,-1.194179,-1.138085,-0.9129946,-0.3998555,-0.01082907,-0.03590364,0.1263758,0.5676568,0.8689748,1.093609,other
ARSB ,-2.97226,-2.048726,-1.203804,-0.5608772,-0.6333499,-0.6832026,-0.1819063,0.5183032,0.9378986,0.9411143,1.034073,AR
ARX ,-4.749889,-5.0486,-4.294807,-2.646402,-1.410815,-0.5234875,0.009371447,0.2536914,0.7477509,1.144004,1.300598,other
ASAH1 ,-2.546069,-1.651802,-0.8652768,-0.1391599,0.6814317,1.766,2.461859,1.390557,0.9271338,0.8162576,0.8397969,AR
ASL ,-1.979761,-1.626961,-1.310213,-0.7520914,-0.3979271,-0.5090405,-0.2432699,0.4560729,1.681883,3.302868,4.72745,AR
ASPA ,-4.436447,-4.636184,-3.114557,-1.821999,-0.825295,-0.04812165,0.8818845,2.139415,3.678812,4.736796,4.505394,AR
ASS1 ,-2.67829,-1.861229,-1.214701,-0.9592062,-1.064386,-1.130443,-0.6075567,0.4626331,1.815073,3.417813,4.62653,AR
ATM ,-1.390548,-1.003501,-0.6120506,-0.3056269,-0.07880279,0.1870868,0.3505924,0.4722958,0.7259028,1.144386,1.730342,other
ATP1A2 ,-4.47056,-3.797595,-2.565872,-1.564915,-0.8163405,-0.0447944,1.014171,1.796571,1.241312,0.8636545,0.692265,AD
ATP1A3 ,-1.938756,-1.514453,-1.251265,-0.9416105,-0.5074696,-0.1166986,-0.001744867,0.1515631,0.513825,0.7166687,0.7064835,AD
ATP2A2 ,-4.550929,-4.790908,-3.598612,-2.0409,-0.9026168,-0.05381227,0.5487791,0.4812628,0.5360754,1.17958,2.0253,AD
ATP2B3 ,-1.816367,-1.136556,-0.5781331,-0.2025925,-0.02990291,0.06834038,0.2596287,0.7192672,1.484872,2.562425,3.962951,other
ATP6V1B1 ,-3.987054,-2.576912,-1.346919,-0.3423099,0.5009408,0.6098793,0.1118592,-0.3873822,-0.4668292,0.1728055,0.7564808,AR
ATP7A ,-2.497009,-1.646539,-1.013033,-0.7594231,-0.8180227,-0.5449331,0.05107847,0.4735492,0.8032016,1.175954,1.422674,other
ATP7B ,-1.997123,-1.56623,-1.059135,-0.7514046,-0.5915649,-0.1636254,0.2027003,0.4119493,0.6757475,0.8753756,1.009857,AR
ATP8B1 ,-0.4897779,-0.7087807,-1.06472,-1.762692,-1.434035,-0.3065019,0.5037387,0.5267907,0.7265523,1.395351,2.114888,other
AUTS2 ,-1.325955,-0.8418932,-0.5116869,-0.4686887,-0.5199952,0.05743605,0.5232464,0.9813765,1.546733,2.13562,2.72201,AD
AVPR2 ,-1.507805,-1.157119,-0.9392116,-1.00541,-1.465854,-2.260148,-1.219189,0.07894509,1.480703,2.99171,4.564285,other
B3GALT6 ,-4.404687,-4.565006,-4.495262,-4.257816,-2.364976,-0.9736592,0.09475759,1.106829,2.28249,3.784828,4.5335,AR
BAG3 ,-1.156342,-0.7251797,-0.4152773,-0.3908423,-0.3752655,0.2800488,0.7254164,0.6969134,0.6583797,1.031242,1.761714,AD
BBS10 ,-1.266861,-0.6973507,-0.1200721,0.3410017,0.6808676,1.495158,2.884022,4.495521,4.561089,4.514616,4.290164,AR
BBS1 ,-0.3099254,-0.2697852,-0.2154848,-0.2101486,-0.2189201,-0.4884848,-0.3200188,0.2390265,0.9642429,2.039414,3.301629,AR
BCHE ,-4.110163,-4.323619,-4.352862,-4.258189,-4.156997,-3.495609,-1.833818,-0.6410775,0.1867851,0.6719722,0.8177987,other
BCKDHA ,-4.601921,-3.478558,-2.187147,-1.373604,-1.009921,-0.7607467,-0.3783845,0.02981014,0.5604965,1.255756,2.026548,AR
BEST1 ,-1.810783,-1.289598,-0.6487096,0.1296264,0.2051089,-0.1180317,0.007838938,0.5849,1.678603,3.10017,4.558886,other
BICD2 ,-1.38226,-0.9958344,-0.6495197,-0.3330532,-0.1081683,0.116737,0.2801051,0.4129254,0.75008,1.218503,1.712029,AD
BMPR2 ,-4.472655,-4.005603,-2.611552,-1.647852,-1.028573,-0.6922385,-0.4002807,0.07900092,0.4294333,0.9511126,1.574529,AD
BRAF ,-2.97703,-2.214941,-1.541805,-1.048712,-0.9128915,-0.7862494,-0.4733919,0.08799652,1.040551,2.236806,3.555935,AD
BRCA1 ,-1.300413,-1.04839,-0.909082,-0.9878601,-0.9181039,-0.2882234,0.3180913,0.6749088,1.121802,1.822452,2.686669,other
BRPF1 ,-4.104629,-3.378948,-1.851628,-0.5959158,0.3779018,0.6589722,0.1148879,0.2229571,0.9963036,1.907238,2.910705,AD
BTK ,-4.254459,-3.850401,-2.559181,-1.606405,-1.093494,-1.168748,-1.508227,-0.8511863,0.2439982,1.372332,2.511099,other
CACNA1A ,-1.426113,-1.423231,-1.244715,-0.7402937,-0.1815115,0.3187841,0.9060345,1.749059,2.902044,4.31898,5.232393,AD
CACNA1E ,-1.716353,-1.208743,-0.7543017,-0.2488771,0.207944,0.4143088,0.6169881,1.104955,1.392414,1.467218,1.619367,AD
CACNA1G ,-1.303824,-0.8344908,-0.3954442,-0.1056267,-0.1387324,-0.4102899,0.515325,1.802828,1.510358,1.263762,1.152544,other
CACNA1S ,-4.711834,-4.873551,-3.994076,-2.315944,-1.031486,-0.3323693,-0.2020568,0.02463643,0.4265802,0.6987785,0.851067,other
CAMTA1 ,-3.788602,-2.459545,-1.296313,-0.3474191,0.3325016,0.5521544,0.5130913,0.9210164,1.333571,1.745107,2.238994,AD
CAPN3 ,-0.7308627,-0.4681465,-0.3698258,-0.5003709,-0.6097125,-0.5043589,-0.3087394,0.04798906,0.3141919,0.5295857,0.8252411,other
CARD11 ,-4.788388,-4.703443,-2.772351,-1.162969,0.09037783,1.219337,2.451964,3.926151,4.541645,4.624655,4.501954,other
CASK ,-1.385516,-1.222054,-1.046466,-0.8306131,-0.6311433,-0.4734809,0.1361168,0.7119865,0.4722683,0.4318552,0.4483859,other
CASR ,-2.844336,-1.8595,-1.134693,-0.7015435,-0.3269297,0.0867231,0.4558037,0.529141,0.7366354,1.334219,2.187863,other
CBL ,-2.658535,-1.612548,-0.8008624,-0.2647764,0.185981,0.8681086,1.850274,3.391004,4.452511,4.832949,4.828699,AD
CBS ,-3.597769,-2.599396,-1.702029,-0.9928029,-0.5349077,-0.5016308,-0.6320052,-0.253097,0.2013877,0.604111,1.024799,AR
CC2D2A ,-2.981184,-1.825248,-0.8323768,-0.1586296,0.1140617,0.1661112,0.3269934,0.6167833,0.8907097,1.216957,1.677248,AR
CD40LG ,-1.420123,-1.095452,-0.998973,-1.251619,-1.643505,-0.7107776,0.252896,0.5038726,0.8069298,1.424341,2.280608,other
CDAN1 ,-1.050094,-0.5501935,-0.08956876,0.2987708,0.5933437,0.8515172,0.896291,0.6823154,-0.09309149,-1.361616,-2.681182,AR
CDC42BPB ,-1.100701,-0.7323051,-0.5791875,-0.6349972,-0.3075406,-0.01164901,0.282551,0.7050702,1.092686,1.631748,2.35903,AD
CDC45 ,-0.8620882,-0.3853312,-0.1308451,0.001924872,0.06894459,-0.0845231,-0.04022552,0.2629841,0.4253734,0.2845662,0.07256806,other
CDH1 ,-0.9981189,-0.7343479,-0.5521702,-0.3528068,-0.1071875,-0.01562513,-0.03079741,0.2727259,0.6076565,0.8461139,0.9328485,AD
CDH23 ,-1.6933,-1.157455,-0.6127423,-0.1541326,0.158517,0.442349,0.7020587,0.8683521,0.8854164,0.75786,0.5457676,AR
CDK13 ,-5.041279,-4.256817,-2.720186,-1.348046,-0.1192465,0.6713938,0.4330211,0.5792561,0.9978461,1.378928,1.770705,AD
CDKL5 ,-4.928722,-5.122177,-5.039871,-3.865221,-2.509014,-1.713018,-1.21019,-0.6915035,0.1081943,0.8458077,1.342664,other
CDKN2A ,-1.201542,-1.011881,-0.7797069,-0.5300048,-0.3025894,0.01164127,0.422199,0.664374,0.6497571,0.8073836,1.138344,AD
CEP290 ,-0.7291527,-0.4035226,-0.1329735,0.004138951,0.02882851,0.0449795,0.3794792,0.907109,1.434887,2.087852,2.896022,other
CFTR ,-1.328551,-1.294764,-1.442184,-1.451311,-1.049728,-0.6781576,-0.3568993,-0.09450756,0.1654351,0.4536555,0.7004818,other
CHAT ,-0.5714139,-0.6913686,-1.000279,-1.6996,-1.713467,-0.7960807,-0.2645544,0.05976144,0.524585,0.9825586,1.36562,other
CHD2 ,-1.362194,-1.232625,-0.980475,-0.6125269,-0.2595814,0.1370818,0.5173461,1.103242,2.168178,3.466596,4.874219,other
CHD3 ,-1.095458,-1.203993,-0.9522235,-0.1304088,1.051489,2.637508,3.733992,3.917717,4.021071,3.938643,3.576641,AD
CHD4 ,-2.544765,-1.684024,-0.8644914,-0.3333645,0.004896404,0.4803212,1.184008,1.145245,0.9355319,0.9717487,1.234243,AD
CHD5 ,-2.113052,-1.422808,-0.8919306,-0.5507573,-0.4743618,-0.06609352,0.5572829,1.038305,0.9383574,0.7529,0.6116151,other
CHD7 ,-1.477564,-1.21661,-0.8930834,-0.5364799,-0.3142648,-0.01874579,0.3114309,0.563603,1.061961,1.835343,2.710215,other
CHD8 ,-1.315032,-0.9443658,-0.6877394,-0.3453359,0.1440557,0.2848328,0.270473,0.5237302,0.9715263,1.545743,2.222456,AD
CHRNE ,-4.820062,-4.968289,-4.010808,-1.966012,-0.6374918,0.09600767,0.5888493,0.486073,0.3957973,0.5062545,0.6794419,other
CHST3 ,-4.532989,-4.632004,-4.487558,-4.29047,-3.918345,-1.587115,0.8833534,3.379776,4.465684,4.7112,4.630978,AR
CLCN1 ,-3.011105,-2.038016,-1.08757,-0.4962076,-0.2973068,-0.08045021,0.1195874,0.2729205,0.5926326,0.8833567,1.056037,other
CLCN4 ,-2.312618,-1.568207,-1.035589,-0.7959478,-0.8866946,-1.154581,-0.2948101,0.4113903,0.871982,1.479131,2.255438,other
CLCN7 ,-4.749565,-4.839334,-3.679887,-1.972764,-0.8302797,-0.009618728,0.3112947,0.2871823,0.7654671,1.646065,2.65548,other
CLCNKB ,-4.055635,-2.565385,-1.200755,-0.08836407,0.4417509,0.4430221,0.05773256,-0.1201758,0.9741101,2.142991,3.297468,AR
CLDN16 ,-3.393069,-2.106819,-0.9748512,0.01510758,0.9339512,1.9639,3.097148,2.000117,1.164236,0.8044361,0.5773894,AR
CLN3 ,-4.423416,-4.546548,-4.350315,-4.041972,-3.720008,-1.940559,-0.1736088,1.634015,3.53152,4.630463,4.501834,AR
CLN6 ,-1.274614,-0.8668508,-0.365769,0.1161817,0.3081898,0.5503874,1.103887,2.242285,3.877186,4.577841,4.303235,AR
CLN8 ,-1.060308,-0.4596895,0.1253482,0.4172015,0.371677,0.214066,0.1811882,0.6842057,1.601523,2.667415,3.351295,other
CNGA3 ,-4.215685,-2.815937,-1.522419,-0.8099641,-0.5437814,0.03026933,1.122703,1.570263,1.161219,0.9383059,0.820674,other
CNGB1 ,-0.9121357,-0.6314619,-0.5251492,-0.7291849,-1.250239,-0.6236222,0.2107725,0.6045525,0.870514,1.194342,1.488897,other
CNGB3 ,-4.498832,-4.607596,-4.490431,-3.169259,-1.631467,-0.3240656,0.8796221,1.407358,1.200739,1.075283,1.01222,other
COCH ,-4.212609,-4.462654,-3.574895,-1.959744,-0.8588948,-0.1692562,0.1667372,0.09160353,0.2335663,0.6222856,1.111052,other
COL10A1 ,-4.713445,-3.569924,-2.143305,-1.032131,-0.2114088,0.2932476,0.07595263,-0.09372337,0.1803331,0.5571952,0.7672389,AD
COL11A1 ,-4.63895,-4.839568,-4.710357,-3.01466,-1.662007,-0.6168351,0.04391796,0.4796379,0.9863179,1.299609,1.367926,other
COL12A1 ,-0.7551878,-0.6158921,-0.6177322,-0.4873785,0.05751212,0.3016716,0.5011742,0.8107271,1.041116,1.388516,1.88024,other
COL1A2 ,-3.395088,-2.648268,-1.990088,-1.423007,-1.00373,-0.7537325,-0.2515207,0.4575749,1.220492,2.046051,2.942789,other
COL2A1 ,-2.01425,-1.661653,-1.383732,-1.16859,-1.010701,-0.787352,-0.3825257,0.1618345,0.7780539,1.405306,2.062116,other
COL3A1 ,-2.722128,-2.260589,-1.833504,-1.378974,-0.8473001,-0.1565382,0.1314732,0.5044139,1.004242,1.311428,1.543587,other
COL4A1 ,-1.592703,-1.072556,-0.3811404,0.3917206,0.6302287,0.6294226,0.7105552,0.6220823,0.8181793,1.631107,2.565763,other
COL4A2 ,-4.78489,-4.921333,-4.184158,-2.396279,-0.8929367,0.2604681,0.8004744,0.7947662,0.7721629,0.8475382,0.9767521,AD
COL4A3 ,-3.012428,-2.143884,-1.346287,-0.6664512,-0.0976869,0.3501914,0.4428316,0.5577345,0.8365247,0.9807432,1.045403,other
COL4A4 ,-3.043718,-2.051174,-1.099609,-0.3287141,0.1162262,0.5576017,0.8921041,0.9433543,0.8458828,0.8179092,0.86471,other
COL4A5 ,-1.687371,-1.852687,-2.034667,-1.864746,-1.523395,-1.273978,-1.037149,-0.2660655,0.6968702,1.182064,1.391783,other
COL5A1 ,-2.140738,-1.41884,-0.8379021,-0.5416654,-0.5562805,-0.6988069,-0.1206001,0.6167033,0.9649753,1.183944,1.45633,AD
COL5A2 ,-1.015522,-0.6965296,-0.5813738,-0.7550921,-0.9633914,-0.2437533,0.2960217,0.7127148,1.266226,1.907046,2.598116,AD
COL6A1 ,-1.163568,-0.9824801,-0.9377988,-1.143404,-1.688412,-2.487796,-1.246119,0.2058815,0.9902509,1.277273,1.529594,other
COL6A2 ,-1.499843,-1.289294,-1.225422,-1.299575,-1.072454,-0.6264943,-0.1241878,0.4514043,0.9524037,1.568301,2.232102,other
COL6A3 ,-1.674337,-1.216842,-0.8371451,-0.6493454,-0.7884052,-0.9078655,-0.1710409,0.3466844,0.807567,1.388377,1.951269,other
COL7A1 ,-1.057958,-0.8746448,-0.6314573,-0.3430805,-0.02565978,0.2890165,0.7464118,1.395235,2.273343,3.439676,4.784906,other
COLQ ,-0.5542343,-0.304288,0.03732963,0.07595191,0.08175887,0.1744624,0.3028015,0.6965352,1.509336,2.750347,3.678661,AR
COMP ,-4.393475,-4.522347,-4.481011,-3.990176,-2.717524,-1.762521,-0.88108,0.05113436,0.3436959,0.4531806,0.6054296,AD
COPA ,-4.190675,-4.30642,-4.281168,-4.257879,-2.86877,-1.622523,-0.6315472,0.2079002,1.036202,1.971104,2.982044,AD
COQ4 ,-4.675756,-4.698588,-3.58151,-1.759738,-0.7215262,-0.1615363,0.04259725,0.2136587,0.836296,1.840253,2.998243,AR
COQ8A ,-4.908262,-4.93522,-4.677185,-3.049448,-1.483154,-0.03961268,1.414047,3.010444,4.743468,4.955143,4.869696,AR
CPLANE1 ,-1.389812,-0.9760161,-0.3860439,0.2520297,0.6252307,0.9245339,1.36477,2.042501,3.129028,4.571411,4.319794,AR
CPS1 ,-3.193959,-3.985463,-4.404593,-4.559002,-3.190229,-1.835145,-0.8794876,-0.3067914,0.08196378,0.3321447,0.5163107,AR
CPT1A ,-4.601366,-4.715555,-4.300257,-2.522886,-1.174315,-0.5198816,-0.279716,-0.07266741,0.4802202,0.9964946,1.413454,AR
CPT2 ,-3.651788,-2.340857,-1.147487,-0.2566229,0.06676357,0.05933052,-0.0184519,0.1064098,0.2963777,0.4656492,0.6329069,AR
CRB1 ,-1.260212,-1.024181,-0.724374,-0.3368413,0.04295719,0.4477887,1.02526,1.638952,1.317359,1.115729,1.131069,other
CREBBP ,-2.998452,-2.168455,-1.439878,-0.8215625,-0.2382345,0.3235037,0.693972,0.9717682,1.201301,1.173207,1.077539,AD
CRX ,-4.76651,-4.819975,-4.6062,-4.382269,-3.467098,-1.084878,1.315354,3.753862,4.794078,4.907511,4.663365,other
CSF1R ,-4.946251,-5.165102,-5.111121,-4.894387,-4.636677,-3.44819,-1.567525,-0.2297147,0.6347011,1.202688,1.618858,other
CTNNB1 ,-1.348738,-0.9289762,-0.5791239,-0.4408787,-0.7389884,-1.410813,-2.000253,-0.7591231,0.2781237,0.9455288,1.496547,other
CTNS ,-4.99619,-5.057943,-4.731501,-2.664252,-1.251104,-0.4222628,0.1406421,0.5693771,0.9123533,1.359839,1.920211,AR
CTR9 ,-3.992715,-2.486996,-1.114137,-0.1782207,0.2392373,0.5884401,1.345424,2.789012,4.656141,4.64072,4.237974,other
CYBB ,-4.681042,-4.825343,-4.814937,-4.403377,-2.91152,-1.743505,-0.868364,-0.1640391,0.3708308,0.7778132,1.150272,other
CYFIP2 ,-0.6664649,-0.5182585,-0.3188502,-0.08156897,-0.1563925,-0.51536,-0.3723101,0.2216014,0.8844084,1.558836,2.261585,AD
CYP11B1 ,-1.778037,-1.304785,-0.9205639,-0.6543267,-0.23568,0.2557704,0.3765695,0.5321057,0.7865994,1.07286,1.472637,other
CYP1B1 ,-2.793411,-1.80239,-0.9579701,-0.4451125,-0.3931887,-0.4313866,-0.1194512,0.4149879,0.665716,0.7379883,0.9164173,other
CYP27A1 ,-1.020538,-0.9413358,-1.003693,-1.346219,-2.088074,-2.24212,-0.9845545,0.05373887,0.6040541,0.8027005,0.8760806,AR
CYP27B1 ,-2.10624,-1.312139,-0.7089056,-0.3418174,-0.2595672,-0.2874087,-0.1842755,0.3374555,0.5777321,0.8223199,1.130477,AR
CYP2U1 ,-4.530359,-4.64764,-4.58733,-3.209672,-1.527582,-0.4387504,0.3385161,1.046745,1.007738,0.9222462,0.9685111,AR
CYP4F22 ,-2.374039,-1.492861,-0.8259392,-0.6051597,-0.8221826,-1.244745,-0.5665066,0.6287656,0.9646042,1.241442,1.623729,AR
CYP4V2 ,-1.886294,-1.122137,-0.482502,-0.09207614,-0.2211338,-0.488719,-0.2145697,-0.03718642,0.2913176,0.612103,0.8126608,AR
DCTN1 ,-0.8119371,-0.539488,-0.2201125,0.09826064,-0.1194615,-1.070508,-1.843892,-0.5106725,0.7033497,1.862565,3.020579,AD
DDC ,-4.260859,-4.450871,-4.596252,-3.354295,-1.747878,-0.4127245,0.2869751,0.670235,0.5936225,0.4964816,0.6033298,AR
DEAF1 ,-1.688949,-1.224388,-0.7918703,-0.3652369,-0.1059009,0.07700688,0.3520276,1.035807,2.213632,3.659506,4.884668,other
DES ,-1.148446,-0.6263161,-0.1030474,-0.1935002,-0.4479486,-0.4637979,-0.4287927,-0.2708474,0.2869946,0.6972404,0.8905555,other
DHCR7 ,-1.457566,-0.9927569,-0.5770124,-0.2767432,-0.04194376,0.3569502,0.9626121,0.896479,0.8465108,1.088818,1.49428,AR
DICER1 ,-1.305095,-1.368368,-1.618956,-1.788294,-1.136391,-0.6635479,-0.1576858,0.8752391,1.211597,1.233605,1.333999,AD
DKC1 ,-1.17031,-0.5856977,-0.03960646,0.05718988,-0.144285,0.1036476,0.29178,0.1467571,-0.09127917,0.107041,0.5422391,other
DLL4 ,-4.334892,-4.642123,-4.695545,-3.348023,-1.78131,-0.8643507,-0.3675967,0.2110624,1.307095,2.823064,4.474343,AD
DNAH11 ,-0.827191,-0.7021199,-0.4731395,-0.297926,-0.2350143,0.0828365,0.5218751,0.7735274,0.9146489,1.145456,1.484235,other
DNAH5 ,-0.8351065,-0.6722523,-0.6992762,-1.092424,-1.85156,-1.354844,-0.5786961,-0.02763601,0.3571414,0.6315726,0.8524526,other
DNAJB6 ,-2.087448,-1.262439,-0.5708244,0.05784406,0.7813161,1.823713,3.354847,4.368578,4.197458,3.919856,3.404642,AD
DNM1 ,-1.015107,-0.9591012,-1.07912,-1.460818,-2.103204,-1.685447,-0.8310383,-0.1105569,0.3408845,0.6010953,0.7955213,AD
DNM2 ,-4.718317,-4.058085,-2.656329,-1.536148,-0.5225678,0.6278738,1.740053,1.231068,0.6363676,0.3056782,0.2168028,other
DNMT3A ,-4.250711,-2.942352,-1.76499,-0.7874802,-0.3013239,-0.2150206,0.317584,0.6415254,0.662298,0.9584667,1.460067,AD
DONSON ,-1.043566,-0.6590624,-0.431649,-0.2244001,0.1508278,0.2098929,0.2979351,0.6594049,1.078739,1.582037,2.151903,AR
DPYD ,-3.794586,-2.411005,-1.201462,-0.4057987,-0.1746799,-0.1759219,0.1633228,0.5025552,0.5495613,0.5571935,0.5578309,other
DSG2 ,-0.7950554,-0.7902395,-0.6147191,0.1667726,0.8367903,0.975662,0.8597347,0.6861567,0.7530011,0.8230211,0.8963078,other
DSP ,-0.6462564,-0.5204219,-0.586164,-0.8873005,-0.4450678,0.2423712,0.6210787,0.6882226,0.9436111,1.167096,1.301712,other
DUOX2 ,-3.482849,-2.182241,-1.084367,-0.3037953,0.1776909,0.3442641,0.2965122,0.3505853,0.4661432,0.5193513,0.5805709,AR
DYNC1H1 ,-2.757146,-2.091672,-1.599069,-1.196838,-0.738315,-0.2576827,0.2281402,0.5407332,0.6639806,0.8574815,1.071391,AD
DYNC2H1 ,-0.9220051,-0.67418,-0.5214618,-0.4022912,-0.1665686,0.1326969,0.3129223,0.422524,0.7532685,1.095623,1.312041,AR
DYSF ,-0.397917,-0.1005965,0.1865163,0.3439594,-0.04927817,-0.5419111,-0.9208683,-0.4436929,-0.0696468,0.2172523,0.4177958,AR
EARS2 ,-0.3290858,-0.1578793,-0.1322915,-0.2932267,-0.4312106,-0.3336622,-0.1105689,0.06136613,0.3926359,0.7881475,1.146299,AR
EBP ,-4.460085,-4.630195,-4.500382,-4.237031,-4.321597,-3.29454,-1.695314,-0.05163334,1.694473,3.536814,4.857489,other
EDA ,-3.468271,-2.539239,-1.738561,-1.066342,-0.6298431,-0.5033959,-0.3706582,-0.1112218,0.225975,0.6210448,1.063135,other
EDAR ,-1.230157,-0.9170313,-0.4876735,-0.01471753,0.4285575,0.7015523,0.3985679,0.1392186,0.8426247,2.059764,3.357949,other
EEF1A2 ,-0.607085,-0.4594509,-0.261548,0.07411204,0.4294635,0.1466233,-0.1169175,-0.03437058,0.02826348,0.05252689,-0.06454951,AD
EFTUD2 ,-4.13576,-4.302707,-4.385564,-4.486769,-4.520983,-3.47873,-1.731941,-0.5800021,0.3258442,0.8284853,0.8832941,AD
EIF2B5 ,-1.831234,-1.189949,-0.6146427,-0.08384,0.4653648,0.5311707,0.4309285,0.8124931,1.62799,2.737559,4.022329,AR
ELANE ,-2.119881,-1.349152,-0.6612043,-0.4431394,-0.47611,-0.2833831,-0.09640969,0.04709182,0.3675769,0.8963727,1.519011,AD
ENG ,-1.396428,-1.136061,-0.9673126,-0.7556354,-0.3640547,-0.07208554,0.08344911,0.4547895,1.26207,2.339104,3.537379,AD
ENPP1 ,-4.476699,-3.828283,-2.099698,-0.7130586,0.2720321,0.8163145,0.9058554,0.2316928,0.1980602,0.8077759,1.471249,other
EP300 ,-0.8563923,-0.6648191,-0.5156892,-0.5537466,-0.5590929,0.01306563,0.4364144,0.7005913,1.012862,1.279986,1.397862,AD
EPHB4 ,-4.537398,-3.028542,-1.725538,-0.808176,-0.2104196,0.06364511,-0.1123981,0.2103932,0.7015091,0.8995526,0.9917282,AD
ERCC2 ,-4.380805,-4.663187,-4.611254,-3.330668,-1.828456,-1.026569,-0.6610333,-0.3512821,0.2176852,0.5861636,0.7352746,AR
ERCC6 ,-3.530892,-2.219959,-1.104484,-0.3813726,-0.09679756,-0.1280486,0.0370196,0.572085,1.064566,1.598698,2.158653,AR
ETFDH ,-3.581002,-2.333716,-1.175116,-0.4042932,-0.06692645,0.2050552,0.6647777,1.298115,1.048117,0.7741243,0.6403774,AR
EXOSC3 ,-4.314292,-4.533607,-4.422087,-3.883389,-2.295567,-1.147961,-0.3722683,0.1224945,0.7070856,1.421247,2.170385,AR
EXT1 ,-1.861976,-1.479242,-1.217918,-1.015375,-0.4863046,0.1559091,0.9564556,2.111891,3.581248,4.827563,4.632192,AD
EYS ,-0.5131525,-0.3267269,-0.01951291,0.2871022,0.5266975,0.6768267,0.4688228,-0.04699672,0.1815918,0.7487093,0.9486131,other
F10 ,-0.8569358,-0.6056609,-0.5430364,-0.7255553,-1.501506,-1.346811,-0.4700604,0.3620187,0.4404633,0.3625187,0.3863669,AR
F11 ,-0.9860558,-0.7871779,-0.5954003,-0.4285426,-0.4044079,-0.4038757,-0.1994055,0.2943062,0.5891503,0.7297596,0.9889885,other
F5 ,-1.148344,-0.5547129,-0.001198618,0.3841371,0.2718811,0.3362659,0.7764699,0.9960102,0.868781,0.682542,0.499599,other
F8 ,-1.040698,-0.9766639,-0.8367372,-0.6026084,-0.3094336,-0.03520896,0.2030558,0.4675009,0.8757106,1.421555,2.055523,other
F9 ,-2.197113,-1.686424,-1.087547,-0.4694373,-0.1639752,-0.05643757,-0.1007197,0.02001188,0.4345813,0.7571585,0.9295563,other
FA2H ,-0.831134,-0.6655069,-0.4122916,-0.07474005,0.0520977,-0.4833293,-0.1860972,0.2034551,0.4944538,0.6227765,0.6169112,AR
FAH ,-4.371898,-4.644663,-3.12819,-1.783798,-0.9010605,-0.4853044,-0.1447903,-0.03201104,0.09907625,0.4550094,0.8658956,AR
FANCA ,-1.145187,-0.8040191,-0.3432714,0.2731135,0.8328721,0.900583,0.8700414,1.045079,1.335313,1.844946,2.547741,AR
FARS2 ,-3.809329,-2.658051,-1.690298,-0.965148,-0.5275068,-0.4437953,-0.420166,0.08214189,0.4224435,0.7068695,1.053866,AR
FARSB ,-4.207508,-4.441537,-4.280727,-2.333542,-1.026019,-0.4150759,-0.1624543,0.005322436,0.4075586,0.7928353,1.167914,AR
FAS ,-3.03246,-1.96791,-0.9380936,-0.06143832,0.04710319,0.2292879,0.9053278,1.840346,3.208545,4.651317,4.57394,AD
FBN2 ,-1.624673,-1.317647,-1.06963,-1.014858,-1.309856,-1.091834,-0.1377448,0.3687027,0.6408426,0.9743905,1.297567,AD
FBP1 ,-3.735958,-4.247614,-4.518469,-4.565727,-4.384343,-2.9852,-1.439265,-0.1667433,0.5589976,0.7673762,0.9629062,AR
FBXO11 ,-1.388059,-1.038238,-0.6867791,-0.3777239,-0.05696272,0.208616,0.523869,0.9101823,0.8557319,0.8357514,1.063117,AD
FECH ,-4.386143,-4.522435,-4.342318,-2.725861,-1.065263,-0.08422222,0.1122535,0.1691646,0.367132,0.9484387,1.644793,other
FGA ,-0.7596156,-0.5724666,-0.589179,-0.9118464,-1.590323,-2.480281,-1.147599,0.01928136,0.8245266,1.629753,2.476628,other
FGD1 ,-2.195993,-1.366484,-0.749905,-0.3076406,0.03415454,0.08564221,-0.09209587,0.746337,2.498418,4.301848,4.57503,other
FGFR1 ,-4.378964,-4.605473,-4.46624,-3.888214,-2.61822,-1.501216,-0.5134637,-0.02437414,0.4971626,1.301461,2.206665,other
FGFR2 ,-2.561105,-1.804272,-1.171966,-0.8617051,-0.881957,-0.8309736,-0.336524,0.3878043,1.477833,2.888172,4.460439,AD
FGFR3 ,-1.421818,-0.9958426,-0.6109031,-0.3365722,-0.09168571,0.115712,0.1591221,0.1800698,0.5019637,1.079343,1.674638,other
FGG ,-4.07385,-4.360122,-4.407441,-4.308923,-2.743784,-0.7860838,0.8507199,0.7413158,0.4374142,0.2667276,0.231135,other
FH ,-2.792107,-2.038473,-1.426059,-0.959843,-0.5097901,-0.5884675,-0.748063,-0.4811628,0.2378453,0.7817046,0.9569539,other
FKRP ,-2.866551,-2.031996,-1.411016,-0.9617193,-0.6233188,-0.3965899,-0.09398046,0.5753818,1.126354,0.9657097,0.797934,AR
FLNA ,-4.563782,-4.83962,-4.929594,-4.891028,-3.537335,-1.95017,-0.8176273,-0.09182152,0.3886707,0.6917488,0.9054479,other
FLNB ,-4.803339,-4.959797,-4.923933,-4.914512,-3.487554,-1.918669,-0.6170474,0.3941669,1.027485,1.302291,1.402732,other
FLNC ,-4.617324,-3.970151,-2.412819,-1.102489,-0.07490326,0.5521775,0.5959593,0.3299204,0.4898291,0.6999872,0.906212,AD
FLVCR1 ,-1.159665,-0.828034,-0.6308443,-0.6188276,-0.3510398,1.515035,3.610141,4.25587,4.54604,4.719178,4.604794,AR
FMO3 ,-4.526069,-3.188863,-1.749971,-0.7091833,-0.1090097,0.3041764,0.6319518,0.8978519,1.116364,1.33696,1.610065,AR
FN1 ,-4.327383,-4.620587,-4.633261,-4.524044,-4.474815,-3.062721,-1.267982,0.01068603,0.5935585,0.9106929,1.085063,AD
FOXC1 ,-4.768118,-4.991925,-4.895229,-4.562526,-3.322907,-1.018812,1.238453,3.563071,4.679178,4.991629,4.977907,AD
FOXE3 ,-4.620417,-4.618642,-3.369101,-1.111412,1.088307,1.586727,0.8757872,0.5475975,0.5977799,0.7212958,0.8468283,other
FOXF1 ,-1.674928,-0.9985665,-0.5629771,-0.4378135,-0.5510844,-0.9148194,-1.019974,-0.1400283,0.7766036,1.742848,2.769929,AD
FOXG1 ,-5.324984,-3.917711,-2.567425,-1.504209,-0.7894725,-0.3929913,-0.01471725,0.5149222,1.018756,1.354162,1.551484,AD
FOXH1 ,-0.9435845,-0.6740052,-0.5559577,-0.8366739,-1.092196,-0.0346006,0.6158701,0.630982,0.8971534,1.58071,2.434714,other
FOXP1 ,-1.512995,-1.234479,-1.038155,-0.8747062,-0.6357462,-0.2957863,0.4759549,1.61163,3.124465,5.010119,4.991631,AD
FOXP3 ,-1.777486,-1.179973,-0.7527266,-0.5222671,-0.5820771,-0.6389002,0.06350849,0.5306911,0.7668975,0.9032205,0.9304379,other
FOXRED1 ,-2.616107,-1.562725,-0.6585529,0.03138567,0.2911756,0.1535862,-0.2656571,-0.2848695,0.1130115,0.3944799,0.6862856,AR
FRMD7 ,-4.011125,-2.638708,-1.458357,-0.6060483,-0.1444404,-0.04225053,-0.1322939,-0.2621732,0.1382729,0.5963853,0.9203772,other
FUS ,-1.979521,-1.405766,-0.9656881,-0.7904946,-0.8859299,-0.3715232,0.803465,2.171356,3.815217,4.612046,4.361621,other
FZD4 ,-1.998728,-1.296733,-0.7967866,-0.5910113,-0.6617083,-0.6779027,0.2234229,0.9898881,0.8095687,0.7938761,0.8885063,AD
G6PD ,-3.830076,-4.221699,-2.833572,-1.801572,-1.14478,-0.7064906,-0.2230427,0.7752601,2.306635,4.112231,4.57851,other
GAA ,-1.514113,-1.544173,-1.641764,-1.411738,-0.9913849,-0.6970597,-0.2679576,0.2028482,0.565864,0.749424,0.8888781,AR
GABBR2 ,-4.167285,-4.407293,-4.413778,-4.276106,-3.349868,-1.816742,-0.6400677,0.2529011,0.8044533,1.076854,1.155207,AD
GABRA1 ,-0.9315745,-0.9831422,-0.9266913,-0.7455753,-0.3582265,0.04817827,0.2309847,0.3077676,0.369521,0.448375,0.5727395,AD
GABRB2 ,-2.894629,-2.036904,-1.240802,-0.5176637,0.05642656,0.4292517,0.6615423,0.8710319,1.125928,1.539123,2.06438,AD
GABRB3 ,-4.347097,-3.128724,-2.062085,-1.176691,-0.3578205,0.7024146,2.32428,4.447364,4.791604,4.909618,4.766811,AD
GABRG2 ,-4.768884,-4.909533,-3.306566,-1.733837,-0.6573303,-0.02457263,0.5961882,1.603121,3.06398,4.809457,4.732234,AD
GALC ,-2.571425,-1.767646,-1.056763,-0.4379113,0.1297861,0.4834335,0.6103595,0.6231191,0.7924433,1.134728,1.607518,AR
GALNS ,-1.159886,-1.242184,-1.121167,-0.8946078,-0.7173561,-0.2812477,0.2751272,0.237997,0.335811,0.7791995,1.403377,AR
GAMT ,-4.268273,-3.636851,-2.226549,-1.231085,-0.5167176,-0.1666756,-0.2393018,0.03658547,0.4947308,0.7118601,0.7893391,AR
GATA1 ,-2.132601,-1.355002,-0.7348866,-0.4304961,-0.550063,-0.9256992,-0.1006223,0.8275898,0.9914384,1.205746,1.508604,other
GATA2 ,-3.095951,-2.211178,-1.614451,-1.35711,-1.370627,-1.432564,-0.5371133,0.150445,0.8353028,1.729573,2.795719,AD
GBA ,-4.439214,-3.132024,-2.050756,-1.14222,-0.3348875,0.1719054,0.1134532,0.495218,1.165531,1.053401,0.9306282,other
GBE1 ,-4.291535,-4.583656,-3.485259,-2.149629,-1.231335,-0.6164041,-0.2396363,0.05110906,0.4129822,0.7545638,1.081236,AR
GCDH ,-1.990958,-1.422863,-0.9466959,-0.6310844,-0.6775058,-0.6411933,-0.4382051,-0.1350078,0.3473247,0.4873152,0.3986018,AR
GFAP ,-3.234706,-2.316558,-1.577752,-1.032706,-0.6017078,-0.1660829,0.1288537,0.2861194,0.4986268,0.8944727,1.401455,AD
GFM1 ,-4.806165,-3.617825,-2.197829,-1.082977,-0.330553,0.1074683,0.5038674,0.7758708,0.5907148,0.37221,0.2059444,AR
GJA8 ,-1.292111,-1.003695,-0.6405869,-0.007896801,0.4844983,-0.2280762,-0.8426214,-0.1072016,1.127838,2.416631,3.763418,AD
GJB1 ,-3.104334,-2.434881,-1.774926,-1.062604,-0.09111744,1.349063,1.699486,0.9535254,0.6028844,0.6187461,0.823727,other
GJB2 ,-3.32825,-2.242138,-1.315285,-0.6729403,-0.5159947,-0.5647757,-0.4189234,-0.02781395,0.339203,0.5311798,0.6193395,other
GJC2 ,-0.9798117,-0.7464427,-0.4651908,-0.0527804,0.6073885,1.981633,3.81945,4.44422,4.612597,4.773714,4.629554,other
GLA ,-2.254381,-1.778196,-1.501455,-1.380407,-1.111224,-0.6544216,-0.200788,-0.08272041,0.2800119,0.6608368,0.8240174,other
GLDC ,-4.946871,-5.00318,-3.426293,-2.33139,-1.63741,-1.119965,-0.5302806,0.01189728,0.4526567,0.8496923,1.114309,other
GLDN ,-3.299575,-2.125494,-1.153478,-0.464859,-0.05316796,0.2699574,0.9038332,1.701574,2.692626,4.055641,4.134341,AR
GLRA1 ,-4.690138,-4.908948,-4.898273,-3.324191,-1.887624,-0.6424483,0.6325186,2.111987,3.94152,5.03994,4.894342,AD
GLUD1 ,-4.126797,-2.772171,-1.452189,-0.5309215,-0.05113788,0.03235147,-0.009665387,-0.01843276,0.1448725,0.5871027,1.242279,other
GNAO1 ,-4.169685,-4.526176,-4.666831,-4.575566,-4.373369,-3.758326,-2.232519,-0.8748295,0.3134471,0.9456407,1.074967,AD
GNAS ,-0.470807,-0.6339888,-0.735192,-0.2253008,0.3663683,0.4006423,-0.1178951,0.7447132,1.916234,3.092251,4.116098,other
GNPTAB ,-0.755545,-0.4802598,-0.4441694,-0.5956047,-0.6638188,-0.4804604,-0.02397656,0.6816342,1.749337,3.075566,4.545411,AR
GP1BA ,-2.192487,-1.46432,-0.8676711,-0.4750846,-0.0354683,0.4750488,0.9706291,0.8755196,0.7915782,1.138981,1.661872,other
GPAA1 ,-3.19101,-1.965382,-0.9074614,-0.166641,0.3365721,0.8373724,0.8850704,0.4964832,0.4708661,0.7454899,1.183063,AR
GPI ,-3.605451,-3.97371,-3.907675,-3.407426,-1.217275,-0.07286633,0.0158653,0.1384989,0.2624729,0.2379607,0.08397347,AR
GPR143 ,-4.499714,-4.634283,-4.417987,-4.114788,-2.919258,-1.234138,-0.1252292,0.2835408,0.6377472,0.9648826,1.23863,other
GRHPR ,-4.177327,-4.391179,-2.736387,-1.333475,-0.2874698,0.2626634,0.3085888,0.05838752,0.1412463,0.4949926,0.6937728,AR
GRIA3 ,-3.538225,-4.097529,-4.295457,-4.066143,-2.539278,-1.377927,-0.6009911,-0.1986103,0.3387365,1.438159,2.716623,other
GRIN1 ,-3.176294,-2.253079,-1.470881,-1.000673,-0.7622686,-0.4552916,-0.1253793,0.1184177,0.3978711,0.5859982,0.6900116,other
GRIN2A ,-2.382051,-1.841707,-1.394459,-1.08357,-0.8717116,-0.4636273,0.03160126,0.4500078,0.9180658,1.40791,1.804255,AD
GRIN2B ,-1.444088,-1.304245,-1.115297,-0.7112638,-0.2833278,0.05679885,0.3219835,0.5895483,0.8984531,1.152021,1.259202,AD
GRIN2D ,-1.681275,-1.15921,-0.7009036,-0.196364,0.4294742,1.072891,1.924857,1.798898,1.2107,0.8198732,0.7406995,AD
GUCY2D ,-3.110725,-2.15974,-1.329553,-0.7657858,-0.4852491,-0.2605352,0.2007828,1.133931,2.532106,4.214317,5.143204,other
GUSB ,-4.511165,-3.265805,-1.893889,-0.7150085,0.1771881,0.2200253,0.05331947,0.3686717,0.5684716,0.6082409,0.5496606,AR
HADHA ,-4.283663,-4.435828,-4.370833,-4.310284,-4.271551,-2.581941,-1.439167,-0.5652761,0.1204595,0.5894225,0.8542414,AR
HBA2 ,-2.161816,-3.342942,-3.872838,-2.664636,-1.580223,-0.8636819,-0.597201,-0.4325009,-0.1147621,0.206056,0.4853337,other
HBB ,-1.008198,-0.7622035,-0.6356806,-0.5017371,-0.328983,-0.22404,-0.1134616,0.08340709,0.3216237,0.5228044,0.6737659,other
HCN1 ,-4.172655,-2.840283,-1.650196,-0.7565972,-0.358439,-0.2152065,0.2767436,0.5411233,0.8482384,1.444704,2.259941,AD
HCN4 ,-4.650381,-4.809108,-3.822942,-2.008218,-0.4588,0.8193654,1.495611,1.273181,1.33466,1.768264,2.360549,AD
HECW2 ,-1.243364,-1.019981,-0.7395436,-0.3419413,0.05149068,0.2576902,0.6315053,1.538197,2.922715,4.552047,4.975044,AD
HEXA ,-4.544205,-4.539304,-3.064135,-1.07581,-0.4738497,-0.3605937,-0.3841011,-0.2424692,0.1181147,0.2802122,0.3416801,AR
HGD ,-1.956343,-1.218597,-0.6287159,-0.3863212,-0.515852,-0.8767689,-1.347083,-0.80403,0.06984786,0.5064257,0.8600375,AR
HIBCH ,-4.225694,-3.304156,-2.082725,-0.9970832,-0.03494204,0.930827,2.055465,1.412255,0.7460233,0.614747,0.7028353,AR
HK1 ,-3.214996,-2.034658,-0.8556104,0.335771,1.658633,3.492531,3.784794,3.752698,3.739139,3.952136,3.951933,other
HMBS ,-2.129149,-1.417856,-0.8526447,-0.7288402,-1.143572,-2.016126,-1.784306,-0.7318914,-0.07801066,0.4241364,0.804268,other
HNF1B ,-1.349512,-1.021106,-0.7371748,-0.4438994,-0.110577,0.03604847,0.07444063,0.1848858,0.4301069,0.7978703,1.236795,AD
HOGA1 ,-4.496774,-3.235356,-2.031561,-1.078903,-0.4214239,0.1298472,0.6651209,0.5623254,0.4831291,0.5582675,0.7776654,AR
HSD17B3 ,-2.168176,-1.156592,-0.1519581,0.6260529,0.3902198,0.1770859,0.4935652,1.333147,2.949125,4.542989,4.410482,AR
HSD17B4 ,-4.54179,-4.462044,-2.903163,-1.556228,-0.6167578,-0.2850649,-0.1694238,0.246183,0.8000845,1.416652,2.154731,AR
HSD3B2 ,-4.417547,-4.614462,-4.535684,-3.62665,-1.827668,-0.7575533,0.1279493,1.078337,1.173887,0.8530077,0.5787346,AR
HUWE1 ,-2.4251,-1.725679,-1.236967,-1.026659,-0.7772358,-0.4318068,-0.08726963,0.3614941,0.8574687,1.35062,1.851691,other
IDS ,-4.812244,-5.028916,-5.024443,-3.784494,-2.385168,-1.427829,-0.7102103,-0.2366393,0.07573838,0.3369194,0.5686767,other
IDUA ,-4.903105,-4.301919,-2.844485,-1.660225,-0.7196592,-0.08095988,0.1941584,0.388614,0.6044774,0.7176263,0.7565834,AR
IFIH1 ,-1.963027,-1.163062,-0.4903713,-0.08713698,0.1037025,0.4003202,0.6348236,0.5872954,0.4082619,0.2753861,0.3711504,AD
IFT122 ,-0.7734967,-0.5904879,-0.5620171,-0.8000325,-1.246065,-0.5449065,0.1905304,0.6310035,0.9028747,1.331489,1.871796,AR
IFT140 ,-0.7303345,-0.3727253,-0.08685219,0.09605436,0.2692668,0.374261,0.4308734,0.6721986,0.7815186,0.7832219,0.8047505,other
IGF1R ,-4.588231,-4.742529,-4.617721,-3.127303,-1.526543,-0.4305977,0.2905763,0.9008527,1.717946,2.684344,3.730437,other
IGHMBP2 ,-4.979173,-4.763027,-3.0901,-1.696173,-0.5821462,0.09258153,0.03674027,0.01989353,0.312588,0.7120432,1.047251,AR
IL2RG ,-3.029299,-2.021621,-1.21556,-0.72123,-0.4528711,-0.1894801,0.2465595,0.8149251,1.21864,1.254085,1.344699,other
IL7R ,-1.547938,-0.8158905,-0.1897596,0.2350848,0.3730021,0.3001914,-0.09381314,-0.05618997,0.4416564,0.8153655,1.207252,AR
INF2 ,-2.749018,-1.85235,-1.100442,-0.4898869,0.1294412,0.7401827,0.7886703,0.6807352,1.053512,1.473103,1.897237,AD
INPP5E ,-2.669047,-1.798265,-1.071495,-0.7380901,-0.6496639,-0.02430637,0.9041918,2.074121,3.603761,4.900486,4.741388,AR
INSR ,-4.245614,-4.185153,-2.512341,-1.195554,-0.4321984,-0.01149157,0.2267639,0.2093809,0.3041152,0.6997957,1.108787,other
IQSEC2 ,-2.526578,-1.625869,-0.863584,-0.4095513,-0.3241757,-0.3804238,0.001317415,0.3697342,0.6233745,0.9324939,1.142451,other
ITGA2B ,-1.523031,-1.13399,-0.8491929,-0.6518818,-0.4110952,0.07950305,0.3413665,0.3013119,0.6507736,1.311589,2.17115,other
ITGB3 ,-2.485952,-1.764928,-1.21627,-0.8977846,-0.750745,-0.9067095,-0.9096515,-0.3242427,0.2049616,0.567346,0.8518866,other
ITGB4 ,-3.95305,-2.599619,-1.4468,-0.6096963,-0.1805252,-0.05925897,-0.03023926,0.2161073,0.6614035,1.00033,1.261687,other
ITPR1 ,-2.514252,-1.758175,-1.176066,-0.7717858,-0.4245586,0.08878367,0.4315213,0.6805898,1.241049,2.044628,3.002047,other
JAG1 ,-0.8254789,-1.086447,-1.373067,-1.117435,-0.7961588,-0.519427,-0.1294811,0.2351326,0.7494761,1.103181,1.172725,AD
JAK3 ,-0.5567255,-0.5209821,-0.4867084,-0.3129731,0.4246115,0.2538383,0.0471338,0.2589449,0.5753591,0.5723556,0.3286352,AR
KCNA2 ,-4.299953,-4.654707,-4.754695,-3.658081,-2.016165,-0.5158732,0.05693615,0.2171817,0.7819712,1.619513,2.583013,AD
KCNB1 ,-3.184057,-2.265203,-1.454273,-0.8842073,-0.541231,-0.000235388,0.5653996,0.9258103,1.201547,1.511997,1.87664,AD
KCNC1 ,-1.066137,-0.7188132,-0.4319837,-0.217558,-0.05311338,0.4441353,2.543681,4.050987,4.37931,4.540103,4.397939,AD
KCNH1 ,-1.634516,-1.062687,-0.5027683,0.03799004,0.2641706,0.1259684,-0.05297803,0.01217155,0.6548402,1.443974,2.279017,other
KCNH2 ,-1.400132,-1.31398,-1.094977,-0.6820067,-0.2617112,0.07348391,0.2549017,0.359403,0.7271525,1.376913,2.195993,AD
KCNMA1 ,-4.418972,-4.029731,-2.496746,-1.296358,-0.359628,0.5473877,1.733178,3.308761,4.601464,4.464544,3.997017,other
KCNQ1 ,-1.694836,-1.617946,-1.438763,-0.9808931,-0.3762759,0.06554742,0.6385276,0.9742085,0.8309223,0.837075,0.8799022,other
KCNQ2 ,-3.099065,-2.23857,-1.420608,-0.7648929,-0.4337469,-0.07880509,0.7571895,2.220455,4.137826,5.090996,5.036885,AD
KCNQ3 ,-4.133629,-2.822769,-1.613379,-0.5909708,-0.08870742,-0.2766976,-0.2800662,0.4983844,1.749443,3.199128,4.7476,AD
KCNQ4 ,-4.611014,-4.179762,-2.657231,-1.332011,-0.3017985,0.09171491,0.1036247,0.5973599,0.8760219,1.01098,1.243588,AD
KCNQ5 ,-4.327214,-4.535748,-4.515994,-3.611513,-1.956648,-0.7688016,0.1810015,0.9363157,1.117513,0.9073123,0.7904436,AD
KCNT1 ,-3.947517,-3.081725,-1.76036,-0.7058269,0.01004995,0.6003589,1.463132,2.831255,4.142377,3.997346,3.538931,AD
KCNV2 ,-4.412057,-4.578324,-4.533467,-4.358725,-4.127815,-3.344959,-1.611483,-0.4008181,0.3358065,0.7501419,1.009976,AR
KDM5C ,-3.301123,-2.232316,-1.359287,-0.6707744,-0.142721,-0.2706246,-1.055005,-0.3174535,0.5963889,1.285622,1.829925,other
KDM6A ,-4.097358,-4.270386,-4.151695,-2.755244,-1.245241,-0.4971252,-0.04817727,0.2721034,0.4578105,0.5346471,0.625738,other
KIF11 ,-1.939514,-1.108499,-0.3727378,-0.03221912,-0.2858497,-0.4059566,1.109491,2.998008,4.449656,4.627268,4.475986,AD
KIF1A ,-3.370085,-3.242017,-2.228758,-1.185202,-0.0602523,0.6910784,-0.1318407,-0.424111,-0.09350602,0.4554079,1.079242,other
KIF22 ,-1.015318,-0.7560022,-0.6287528,-0.7462867,-0.7963868,0.2109899,0.7894403,0.9902824,1.381356,1.92932,2.642755,AD
KIF5A ,-1.944065,-1.237197,-0.7669113,-0.585295,-0.4569547,-0.3818797,-0.2922048,0.4494493,1.591134,2.941907,4.394967,AD
KIT ,-4.532357,-3.095441,-1.74106,-0.504304,0.6278055,1.830299,3.384468,4.249813,4.464742,4.779668,4.812484,AD
KMT2A ,-1.001972,-0.9904229,-0.9922025,-0.8309158,-0.2536958,0.5430153,0.6081052,0.4697173,0.7883033,1.397043,2.131973,AD
KMT2B ,-0.4722538,-0.2673265,0.01965058,0.4969614,1.239281,2.16289,3.294936,4.007737,3.340825,2.292283,0.8308086,AD
KMT2C ,-0.2787088,-0.08932551,0.05745556,0.0731721,-0.1343975,-0.07653058,0.2714128,0.4676358,0.3479441,-0.1314154,-0.8527181,AD
KMT2D ,-1.120918,-1.066321,-0.8556922,-0.4586647,-0.05131539,0.3031908,0.6964792,1.134663,1.400443,1.682028,2.077869,AD
KRIT1 ,-0.395639,-0.3069235,-0.218715,0.04528098,0.1706168,0.2232652,0.3472682,0.2948471,0.1817952,-0.3337387,-1.118393,AD
KRT10 ,-4.608199,-4.763092,-4.611236,-3.758254,-1.920019,-0.5387188,0.5702681,1.083192,1.160752,1.553295,2.212003,other
KRT14 ,-4.565009,-3.095798,-1.767749,-0.7741141,-0.2216543,-0.01050555,0.04829732,0.4464037,0.8236599,1.036805,1.340986,other
KRT16 ,-4.19278,-2.794085,-1.573486,-0.7261095,-0.1615668,0.2637974,0.07191058,-0.1221444,0.2390207,0.8632293,1.539519,AD
KRT17 ,-4.049815,-3.553199,-2.038869,-0.9590746,-0.3361381,-0.03813503,-0.06474066,-0.2595822,0.4485827,1.475158,2.49198,AD
KRT1 ,-1.106668,-0.8437954,-0.814048,-1.137525,-1.579935,-0.6584168,0.07284355,0.385059,0.9408934,1.725455,2.630343,AD
KRT5 ,-1.803986,-1.426869,-1.142267,-0.8734107,-0.5810096,-0.434756,-0.1210109,0.3966538,0.7465896,0.8718914,0.9737033,other
KRT6A ,-4.627712,-4.756045,-4.693675,-3.300806,-1.666782,-0.6207697,-0.1351901,0.3216508,0.815367,0.9983872,0.9902375,AD
KRT9 ,-4.529808,-4.613277,-4.380043,-3.313076,-1.484245,-0.3085392,0.211219,0.5167036,0.6814545,0.691857,0.7334753,AD
L1CAM ,-4.61185,-3.163558,-1.932507,-1.035175,-0.4236481,-0.04555912,0.2230859,0.4914389,1.041343,1.413404,1.323656,other
L2HGDH ,-4.579167,-4.64237,-3.760958,-1.601257,-0.4769365,0.01365534,0.5097915,1.170519,1.202985,0.9347209,0.8046605,AR
LAMA2 ,-1.340048,-0.9536833,-0.6984213,-0.5345518,-0.4349028,-0.4062373,-0.04574581,0.3266757,0.6824609,0.9787468,1.161965,AR
LAMA5 ,-0.07069143,0.01062185,0.08418369,0.1649335,0.07832353,-0.344851,-0.1533809,0.2101899,0.1785813,-0.1506322,-0.7070336,AD
LARS2 ,-1.116438,-0.7337078,-0.2863172,0.1961348,0.4432288,0.5578723,0.6062996,0.5608861,0.861103,1.309639,1.898025,AR
LCAT ,-0.2923336,-0.3028095,-0.5114952,-0.4175207,-0.1332103,0.03579701,0.1489,0.3615196,0.4661816,0.5965021,0.83108,AR
LDLR ,-2.340139,-2.009143,-1.668609,-1.33545,-1.050376,-0.6834593,-0.1272639,0.4986636,1.265007,1.651045,1.794852,other
LHCGR ,-4.566984,-4.669888,-4.470448,-2.653712,-1.099301,0.1964453,0.3059929,0.1752818,0.5382661,1.289409,2.194952,AD
LIG4 ,-4.415723,-4.594549,-4.581216,-4.43222,-4.32511,-3.559032,-1.794809,-0.5541867,0.2304142,0.71068,0.9729404,AR
LMX1B ,-4.038592,-4.455996,-4.522834,-4.458326,-4.428175,-2.653696,-0.8041362,1.115721,3.179545,4.685897,4.694125,AD
LPL ,-1.20008,-1.227912,-1.445782,-1.711343,-1.064131,-0.2975199,-0.08322149,0.3755614,0.9454809,1.04896,1.022382,other
LRP5 ,-1.056736,-0.8315448,-0.5235321,-0.03290839,0.4021863,0.4336515,0.4080612,0.4905801,0.8400747,1.653426,2.745883,other
LRPPRC ,-1.746685,-1.037482,-0.4742703,-0.2071079,-0.1180631,0.3062835,0.6105487,0.7046461,0.8596299,1.289688,1.807338,AR
LRRK2 ,-2.900773,-1.852957,-0.9600192,-0.3293678,-0.03190179,0.2541668,0.6676943,0.8239928,0.7248592,0.6931549,0.726457,AD
LZTR1 ,-1.08551,-0.590817,-0.2989287,-0.338397,-0.2591545,0.3077924,1.215028,2.632456,4.549878,4.531772,4.223873,other
MAF ,-4.678328,-4.875777,-4.714098,-3.564365,-1.714563,-0.4050948,0.7609477,1.005246,0.769416,0.9062123,1.366358,other
MAN2B1 ,-4.79703,-4.899388,-4.563361,-2.768707,-1.445066,-0.4647546,0.07168746,0.3828557,0.7233433,1.102484,1.504135,AR
MAP2K2 ,-2.149773,-1.446352,-0.9272515,-0.6176438,-0.3922103,-0.2097118,0.02346562,0.4689205,0.9585916,1.017008,0.7696675,AD
MAP3K7 ,-4.486202,-4.672202,-4.591166,-4.342693,-3.018527,-1.469417,-0.2367492,0.2844341,0.6662744,1.219608,1.913448,AD
MC2R ,-2.848517,-1.742081,-0.6758498,0.148456,-0.1011245,-0.7013491,-0.5196896,-0.06780082,0.4826419,1.318255,2.383246,AR
MCCC1 ,-4.62849,-4.770776,-4.650567,-4.395503,-2.659817,-1.336249,-0.7066756,-0.104786,0.6453996,1.115381,1.276708,AR
MCCC2 ,-4.571213,-4.71901,-4.464382,-2.631483,-1.214533,-0.1460431,0.1428687,0.2592982,0.5011621,0.6454159,0.6602414,AR
MCOLN1 ,-4.513537,-4.612981,-4.403541,-4.039342,-3.037768,-1.564943,-0.3812364,0.6793907,1.758872,2.9314,4.217297,AR
MECP2 ,-1.664419,-1.038431,-0.447818,0.2215797,1.053003,1.85098,1.212462,0.7512139,0.5012828,0.353259,0.2625014,other
MED12 ,-1.926985,-1.396043,-1.001913,-0.7466718,-0.4944299,-0.04853488,0.4846415,0.9436681,1.478233,2.17694,3.050811,other
MED13L ,-1.665002,-1.165697,-0.6707072,-0.2967311,-0.08282871,0.1254391,0.4846512,1.087348,1.320936,1.320937,1.298437,AD
MEF2C ,-0.7723347,-0.7582121,-0.918285,-1.308796,-1.513126,-0.7305746,-0.2768228,0.05569887,0.3684176,0.6181554,0.9172109,AD
MEFV ,-0.4339011,-0.132703,0.1853535,0.4942541,0.6408395,0.4779874,0.04282721,-1.014728,-2.414011,-3.072139,-2.335212,other
MERTK ,-4.726925,-4.794942,-4.632116,-4.377959,-2.750285,-1.046652,0.3118512,0.6126637,0.6781083,0.9329867,1.265668,other
MFN2 ,-3.415252,-2.404889,-1.473021,-0.5489159,0.4727854,1.203842,0.6963518,0.5406692,0.7769555,1.3071,2.019798,other
MFSD8 ,-1.855865,-1.106447,-0.5320754,-0.213824,0.06706684,0.4670084,0.4894879,0.3954828,0.4176238,0.5186579,0.7147322,AR
MITF ,-4.573389,-3.177911,-1.89987,-0.9738062,-0.3333517,-0.07048691,0.04425408,1.254669,2.93761,4.759398,4.752089,other
MKKS ,-0.9038894,-0.7401555,-0.7039317,-0.8378289,-0.03617222,0.9471064,1.606768,1.074157,0.4977347,0.5484335,0.9558224,AR
MKS1 ,-2.438864,-1.489552,-0.8101633,-0.3503073,0.01738356,0.1025885,-0.395745,0.07361145,0.6295651,1.075676,1.551991,AR
MLC1 ,-1.740999,-0.9314296,-0.2978367,0.01153905,0.1200509,0.3505525,0.3770518,0.2823756,0.4880858,0.9813148,1.648719,other
MLH1 ,-1.576423,-1.411797,-1.333095,-1.201726,-0.9408217,-0.6936991,-0.5457033,-0.3428584,0.1009737,0.4619724,0.6907557,other
MMAB ,-3.554135,-2.387667,-1.412912,-0.8266326,-0.5910449,-0.6084037,-0.6980642,-0.1303269,0.2574443,0.6749434,1.13655,AR
MMACHC ,-4.53599,-3.76607,-2.37521,-1.342707,-0.7609326,-0.5952274,-0.3149619,0.01111797,0.2590027,0.7004229,1.277161,AR
MME ,-4.002322,-4.347234,-4.409857,-4.302641,-3.162398,-1.454559,-0.6254794,-0.160479,0.1941058,0.5976302,1.041306,other
MORC2 ,-2.096948,-1.324974,-0.6138591,-0.1146802,0.1191595,0.5682808,0.7548219,0.7686199,0.9407651,1.327908,1.995577,AD
MPL ,-0.5499396,-0.2544445,0.05709607,0.3857435,1.015911,2.48875,4.331715,4.347225,4.337336,4.311766,4.05247,other
MSH2 ,-2.728867,-1.869304,-1.198399,-0.7965806,-0.619878,-0.5315064,-0.4440124,-0.3440698,0.04901863,0.3863039,0.575538,other
MSH6 ,-4.554577,-3.066464,-1.786524,-0.9036215,-0.4076351,-0.4332564,-0.8199244,-0.4772358,0.213572,0.7838467,1.101969,other
MTFMT ,-3.337857,-2.026442,-0.7724218,0.1526462,0.02608826,-0.09544085,0.2421017,0.7304807,1.606059,2.929781,4.270192,AR
MTHFR ,-1.601093,-1.182788,-0.9715884,-0.8184067,-0.6837442,-0.5884961,-0.2158894,0.1417642,0.4054526,0.6958282,1.003473,AR
MTM1 ,-3.675879,-2.59049,-1.58131,-0.8806265,-0.858127,-0.9777014,-0.7601887,-0.2599006,0.3780183,1.156162,1.982362,other
MTO1 ,-3.912207,-4.021912,-3.94868,-3.769351,-3.518111,-3.407706,-1.93787,-0.2583842,0.3928647,0.8252617,1.259719,other
MTOR ,-2.528742,-1.744563,-1.179849,-0.8439351,-0.5863488,-0.2882133,-0.03212526,0.1171947,0.3313201,0.6604541,0.937953,AD
MUTYH ,-0.08465395,-0.1253209,-0.08935169,0.284784,0.8153371,1.34603,1.445134,0.9409302,0.5705722,0.1981146,-0.1772533,other
MYBPC3 ,-1.260027,-0.9590324,-0.701142,-0.3721772,-0.05479656,0.1193123,0.2717183,0.4593905,0.8237152,1.171775,1.204026,AD
MYCN ,-4.578081,-4.606897,-4.304667,-4.012581,-3.557752,-1.900033,-0.6575007,0.5540134,1.830257,3.188919,4.53195,AD
MYH3 ,-2.924901,-1.902684,-1.099695,-0.6355212,-0.4688769,-0.3427247,-0.07317311,0.2887765,0.759479,1.126165,1.389084,other
MYH7 ,-1.575197,-1.34441,-1.076629,-0.7650158,-0.3581283,0.02837524,0.2796306,0.5013118,0.7234163,0.956111,1.251995,other
MYH9 ,-0.9817442,-0.9810225,-0.9435948,-0.8939933,-0.9113151,-0.5100784,-0.01616925,0.2613486,0.5379172,0.8435748,1.042226,AD
MYO15A ,-0.9972037,-0.8233093,-0.6555713,-0.2949512,0.1625142,0.5758806,0.9179057,1.012294,1.109772,1.367706,1.756878,AR
MYO7A ,-1.373677,-1.618094,-1.726014,-1.198558,-0.8152876,-0.603145,-0.3148796,0.03402464,0.5224465,1.01709,1.365758,other
MYOC ,-4.959588,-5.091989,-4.822093,-2.928643,-1.644451,-0.8088371,0.0900947,1.371632,3.011986,4.863831,5.048428,AD
MYT1L ,-1.806031,-1.246109,-0.8020648,-0.5959851,-0.179922,0.2658351,0.4540896,0.8075925,0.9613101,0.7005276,0.5242344,AD
NAGLU ,-3.211936,-2.157155,-1.357142,-0.924881,-0.6079622,-0.2973088,-0.1243199,0.3134257,0.7780485,0.9875253,1.265878,other
NALCN ,-3.257198,-2.200783,-1.469997,-0.972456,-0.5709262,-0.2523619,-0.05589101,0.2202585,0.463023,0.5969654,0.7103907,other
NARS2 ,-1.898451,-1.125374,-0.5424559,-0.2206198,0.02218342,0.2705026,0.2966742,0.4517514,0.6700549,0.9045041,1.27186,other
NBAS ,-2.845346,-1.681994,-0.6998028,-0.0928179,0.2659491,0.5209523,0.6408463,0.8665158,1.123344,1.238855,1.265315,AR
NDUFAF5 ,-1.531041,-0.8551106,-0.3608305,-0.3378926,-0.5468587,-0.102516,0.3628628,1.011767,2.231608,3.763151,4.383992,AR
NDUFS1 ,-4.103499,-4.257415,-4.066096,-2.621138,-1.581012,-0.946312,-0.2830629,0.6833972,2.241818,4.074807,4.304898,AR
NEB ,-1.343976,-0.5904881,-0.01717332,0.3225613,0.3722937,0.07555206,-0.6341852,-1.782299,-2.854975,-2.527572,-2.043014,other
NEFL ,-1.675369,-1.175435,-0.7262059,-0.2858739,0.03068656,0.2492162,0.7429414,1.475233,2.533289,4.095128,4.185497,other
NF1 ,-1.498779,-1.419136,-1.1649,-0.7127833,-0.2337324,-0.04198247,0.1282618,0.4779488,0.7251936,1.027741,1.424563,AD
NHLRC1 ,-1.18448,-0.9076846,-0.6867338,-0.3099838,0.2350873,0.8070154,1.562294,2.697153,4.43824,4.490115,4.247527,AR
NIPBL ,-2.224933,-1.484456,-0.8397825,-0.3255755,0.09137452,0.3473473,0.3807808,0.5263921,0.9911265,1.710883,2.591658,AD
NKX2-5 ,-2.581346,-1.630192,-0.7942672,-0.2851667,-0.2139582,-0.3090181,-0.09547556,2.331586,4.169897,4.664669,4.758356,other
NLRC4 ,-0.7140017,-0.2628387,0.106391,0.3493491,0.3025651,-0.07642716,0.5934355,1.867197,3.251601,3.996786,3.403648,AD
NOTCH1 ,-1.617538,-0.9689742,-0.4543999,-0.1223826,0.05861192,0.2196152,0.2752083,0.2859407,0.5142555,0.965664,1.452777,AD
NOTCH3 ,-1.754146,-1.185922,-0.7699377,-0.5313225,-0.3585356,-0.1945617,-0.009472898,0.2777655,0.8227876,1.197791,1.371216,AD
NPC1 ,-1.052557,-0.9496375,-0.8168739,-0.5907378,-0.3726173,-0.1812077,0.08033648,0.274036,0.4661179,0.6934325,0.8739191,AR
NPHP3 ,-0.730538,-0.5668869,-0.3373052,-0.007077787,0.1394396,0.3132498,0.6200901,0.6263743,0.6047147,1.070011,1.908112,AR
NPHS1 ,-1.2684,-0.9173573,-0.6034814,-0.327178,-0.009354744,0.2546825,0.4945391,0.9410395,1.078331,1.029872,0.9999362,other
NPHS2 ,-1.158946,-0.8518665,-0.4284264,0.06946571,0.1647109,0.02634986,-0.121944,0.05779375,0.5411768,0.5746477,0.5210883,other
NPR2 ,-4.543137,-3.43201,-2.104814,-0.99521,-0.1547706,0.06119442,-0.1060663,0.182084,0.6660215,1.330888,2.119217,other
NR0B1 ,-4.267428,-4.49304,-4.397095,-4.095803,-4.082123,-4.153094,-2.413873,-0.802007,0.232348,0.9253119,1.556091,other
NR2E3 ,-1.054846,-0.6994869,-0.4595743,-0.3634248,-0.2831882,-0.1022581,0.05273247,0.5645334,1.526847,2.673527,3.904391,other
NSD1 ,-1.463125,-1.321947,-1.039275,-0.6084196,-0.1769388,0.09895726,0.2940934,0.6477902,1.193136,1.612726,1.844825,AD
NTRK1 ,-3.256618,-2.250442,-1.475309,-0.9988125,-0.8093607,-0.9117382,-0.668276,0.357945,0.8983278,1.050604,1.066879,other
OCA2 ,-1.295079,-1.166084,-0.9044245,-0.4380361,0.02884127,0.4032479,0.6639741,0.7770529,0.9054408,1.158513,1.519724,AR
OCRL ,-3.987479,-2.720703,-1.621979,-0.8561421,-0.5303409,-0.6274039,-1.158692,-0.6997089,0.2720202,1.047704,1.735796,other
OFD1 ,-0.6778737,-0.7379461,-0.9162927,-1.390527,-2.405617,-1.723983,-0.2996831,0.4668115,1.000822,1.379267,1.654027,other
ORC1 ,-0.6890688,-0.6456751,-0.2890903,0.4523823,0.9127083,1.243127,0.5870834,-0.2053565,0.2622116,0.6809674,1.00405,other
OTC ,-1.06665,-1.124442,-1.372155,-1.855583,-1.429787,-0.5835972,-0.04599556,0.3090228,0.5580831,0.6532233,0.8209503,other
OTOF ,-1.016173,-0.7784252,-0.7732765,-1.089553,-1.771388,-1.533799,-0.4002203,0.2859854,0.6775073,0.9995429,1.298922,AR
PANK2 ,0.09638775,-0.04368581,-0.3512999,-0.8228106,-1.451913,-2.464998,-2.243284,-1.120819,-0.005719631,1.106604,2.216281,AR
PAX3 ,-1.01795,-1.070387,-1.327106,-1.926489,-2.71836,-1.760609,-0.7619379,-0.1150951,0.5065575,1.129391,1.773082,other
PCCA ,-4.598481,-4.838563,-3.765722,-2.171442,-0.9488675,-0.3444055,-0.4223982,-0.3426483,0.3919368,1.031491,1.645392,AR
PCCB ,-4.268531,-4.350241,-4.223122,-4.007777,-3.197229,-2.111316,-1.112187,-0.2140329,0.3592039,0.6616634,0.7813748,AR
PCDH19 ,-4.769896,-5.023227,-4.977873,-4.817529,-4.113534,-2.507685,-1.316377,-0.3950559,0.5626767,1.634891,2.762266,other
PC ,-4.537576,-4.890288,-4.948779,-4.688772,-3.523339,-1.593837,-0.3877402,0.13246,0.5095436,0.7417126,0.88099,AR
PCSK9 ,-1.796163,-1.113789,-0.5660175,-0.2326207,-0.1244013,-0.05226749,0.06780786,0.278143,0.5719495,0.7967372,0.8833237,other
PCYT1A ,-4.54779,-4.715895,-3.63179,-1.781895,-0.578542,-0.1380902,0.1864386,0.7581445,1.867145,3.349168,4.610417,other
PDE4D ,-4.595086,-4.812889,-3.727444,-1.796691,0.03586856,1.807359,2.592393,1.539081,0.9591867,0.7592199,0.729952,other
PDE6A ,-4.135703,-4.482341,-3.211844,-1.586886,-0.4679643,0.01548636,0.1832034,0.2439043,0.424232,0.7339285,1.179626,other
PDE6B ,-4.750501,-4.844769,-4.794412,-4.691774,-2.975399,-1.400972,-0.4409124,0.2186714,0.7735376,1.195827,1.401906,other
PDE6C ,-0.6511689,-0.3013969,-0.1016531,-0.1750729,-0.03862153,0.1214726,0.07092545,0.1478888,0.5153059,1.368189,2.469523,other
PDGFRB ,-4.684512,-4.806723,-4.323959,-2.393185,-0.8028605,0.196366,0.5270263,0.8183137,1.161603,1.529522,1.966085,AD
PDHA1 ,-2.210018,-1.438258,-1.037226,-1.121941,-1.462607,-1.704979,-1.233832,-0.665674,0.06058015,0.7977558,1.495528,other
PEX1 ,-4.75273,-4.853768,-4.657846,-4.272857,-2.896403,-1.243679,-0.2367287,0.429921,0.7777785,1.114427,1.457094,AR
PEX6 ,-1.742308,-1.160432,-0.669583,-0.1675836,0.348022,0.3753281,0.1177967,0.03473199,0.3587768,0.8361899,1.084189,AR
PGAP2 ,-2.627661,-3.5023,-3.942646,-3.948699,-2.168138,-0.1109531,0.3511614,0.2001728,0.1616342,0.3578343,0.7451554,AR
PGAP3 ,-4.231563,-4.345955,-4.071735,-3.842082,-4.233097,-3.419272,-1.825985,-0.4655692,0.4797366,0.8682901,1.065448,AR
PHEX ,-2.405855,-1.800216,-1.348223,-1.048072,-0.9248383,-0.9596658,-0.8732508,-0.627566,-0.1511351,0.374464,0.7812185,other
PHGDH ,-0.3227623,-0.3717309,-0.5163658,-0.2029914,0.4961234,1.163472,0.8881285,0.2917186,0.2704833,0.1825974,0.03809611,AR
PHIP ,-1.593953,-0.9843203,-0.3456798,0.2322805,0.4175602,0.3783379,0.5161693,1.250961,2.717412,4.441323,4.439934,AD
PHKA2 ,-4.356839,-4.602746,-4.647981,-4.651007,-4.577822,-2.85446,-1.442462,-0.3694853,0.3794968,0.7508758,0.8999346,other
PHYH ,-4.049708,-4.268153,-4.229136,-3.987587,-3.501287,-2.077712,-0.8168345,-0.08977982,0.2040206,0.4390038,0.6000141,AR
PIEZO1 ,-0.7298174,-0.6476702,-0.4918314,-0.4159095,-0.1420013,0.4168233,0.7535728,0.8946147,0.9034269,0.8528973,0.7474637,other
PIEZO2 ,-3.442012,-2.111073,-0.8980193,0.0597984,0.4910715,0.5610079,0.6506757,0.8282257,1.093504,1.33924,1.552955,other
PIGA ,-0.9988405,-1.06433,-1.013461,-0.5128182,-0.3666768,-0.2408082,0.4365934,0.6461822,0.6869883,0.8283964,1.041782,other
PIGN ,-2.038065,-1.144695,-0.4113066,0.06953809,0.1929939,0.2330648,0.4837946,0.4982077,0.2981411,0.1157437,0.2357297,AR
PIGT ,-1.905545,-0.8398483,-0.1532746,0.04781828,-0.03936565,-0.3833342,-0.3373163,-0.00336652,0.2092315,0.3559975,0.4797868,AR
PIK3R2 ,-4.457308,-3.05689,-1.78598,-0.761873,-0.1440949,0.1049604,0.3656397,0.947388,1.256314,1.197253,1.242989,AD
PKD1 ,-1.055928,-0.8784065,-0.5342895,-0.04995693,0.3615337,0.6812606,0.9768615,1.167078,1.349804,1.513075,1.631468,AD
PKD2 ,-2.65966,-1.804934,-1.122208,-0.6816032,-0.4538276,-0.314809,0.5472785,0.7325368,0.885602,1.20946,1.633665,AD
PKHD1 ,-1.209632,-0.8793869,-0.3439059,0.19815,0.5068805,0.6706793,0.9123093,1.219673,1.472807,1.757378,2.137622,AR
PKLR ,-4.220256,-4.601506,-3.388949,-1.835913,-0.54112,0.2984025,0.09760539,-0.2085088,0.08817119,0.40398,0.503667,other
PKP2 ,-4.087626,-4.164889,-3.971413,-3.621554,-3.092104,-1.03461,0.3610825,0.8178603,1.180327,1.34722,1.33857,AD
PLA2G6 ,-1.383459,-0.9417341,-0.3392947,0.4553191,1.571508,2.655495,1.65268,0.9803627,0.7336619,0.7935935,1.076897,AR
PLCB4 ,-4.000352,-4.259318,-4.210529,-3.919189,-3.051069,-1.509692,-0.5045504,0.2299743,0.919008,1.750261,2.727858,other
PMS2 ,-1.289036,-0.9042812,-0.697331,-0.928757,-1.403713,-0.6128157,0.0641058,0.2940833,0.5246998,0.8516687,1.127539,other
PNPLA1 ,-1.852244,-1.172304,-0.6304991,-0.1238321,0.7504041,1.93436,3.262827,4.394998,4.325377,4.233493,4.048917,AR
PNPT1 ,-4.308975,-3.55427,-2.078364,-0.8700696,-0.1602291,-0.04498363,-0.2806536,0.05158097,0.9775856,1.135985,1.217031,AR
POGZ ,-0.465324,-0.3061748,-0.1471132,0.1443129,0.6125462,1.42332,3.219583,4.403161,4.327559,3.960077,3.27107,AD
POLG ,-1.74526,-1.286857,-0.9379882,-0.7924646,-0.7341283,-0.3282967,0.05971481,0.310732,0.6846034,1.058537,1.240466,other
POLK ,-0.170001,-0.09553425,-0.01755381,0.1012283,-0.04330814,-0.4954501,-0.9988499,-0.7656937,-0.06491994,0.6751244,1.45758,other
POLR1C ,-4.376575,-4.599697,-3.062429,-1.577294,-0.7337823,-0.2518471,0.1290792,0.4065386,0.4415409,0.426545,0.4625086,other
POLR3A ,-4.642306,-4.125121,-2.680846,-1.43752,-0.3995872,0.1871487,0.3215025,0.7511264,1.301802,1.084522,0.8471806,AR
POLR3B ,-4.000282,-4.136172,-2.836529,-1.700866,-0.7708262,-0.3173686,-0.2864883,-0.2387459,0.09573125,0.5998165,1.10569,AR
POMGNT1 ,-4.315515,-4.67184,-3.196513,-1.753259,-0.7672442,-0.3965701,-0.3101499,-0.1468072,0.5304248,0.9282595,1.275947,other
POMT1 ,-4.599277,-4.552241,-4.139331,-3.430624,-3.32234,-2.911577,-1.598871,-0.505781,0.3128867,0.9120342,1.357838,AR
POMT2 ,-4.434708,-4.491572,-4.307538,-2.740506,-1.435096,-0.2819833,0.4819223,0.2870235,0.3675511,0.9853005,1.601308,AR
PORCN ,-1.642269,-1.15493,-0.8138988,-0.6468243,-0.4485299,-0.2504178,-0.359179,-0.0631332,0.8157762,2.015919,3.31795,other
PPA2 ,-4.556716,-4.666711,-4.46068,-4.152984,-3.913208,-2.19129,0.09297231,2.399558,4.438361,4.724549,4.64872,AR
PPP2R1A ,-3.490608,-4.14375,-4.436756,-4.495888,-4.396993,-2.611245,-1.056792,0.1381816,0.5438446,0.8392081,1.284229,AD
PPP2R5D ,-4.246295,-4.536072,-3.978542,-2.169797,-1.146365,-0.8805323,-0.490213,0.3444227,1.54144,2.956943,4.522879,AD
PRF1 ,-0.928495,-0.6714134,-0.4126384,-0.1243164,0.2646973,0.3378995,0.2479006,0.713244,1.690823,2.966191,4.426125,AR
PRKAG2 ,-2.56217,-1.613218,-0.7470583,0.0551996,0.9950336,2.389851,3.437261,2.184935,1.386625,0.9376866,0.6278596,AD
PRKCG ,-1.783891,-1.125125,-0.545297,-0.146698,-0.1862292,-0.6330269,-0.6022884,-0.04157564,0.534778,1.191397,1.919426,AD
PRKN ,-0.5630045,-0.5883169,-0.7443218,-1.091433,-1.657718,-1.27761,-0.5369941,-0.3774499,0.05812848,0.7484856,1.545498,AR
PRNP ,-2.429774,-1.50947,-0.8078281,-0.3357135,-0.02814712,0.4492526,1.287002,0.9963315,0.5542498,0.2922644,0.3537802,AD
PROP1 ,-4.644466,-4.696372,-4.440549,-3.490688,-0.9987286,1.476255,3.984221,4.574533,4.715944,4.529643,4.043449,other
PROS1 ,-0.3451435,-0.3715554,-0.2224491,-0.07259731,-0.3002211,-0.705118,-0.5101677,-0.08229616,0.3423573,0.7202035,1.142823,other
PRRT2 ,-4.724272,-4.859176,-4.700317,-4.211446,-2.053511,0.008902235,2.072806,4.203726,4.692006,4.788325,4.720369,AD
PRSS1 ,-1.102533,-0.6802804,-0.3288247,0.06421926,0.501016,0.606123,0.458299,0.3244378,0.03772476,-0.181622,-0.1043001,AD
PSAP ,-4.394432,-4.500827,-4.327761,-3.353507,-1.837981,-0.8933985,-0.3083877,0.2286069,0.6350526,0.7129179,0.7944772,AR
PSEN1 ,-1.68982,-1.169307,-0.7319821,-0.6156334,-0.1940692,0.7718989,0.5880962,0.3719249,0.4688521,0.6552303,0.8874233,AD
PTCH1 ,-5.206259,-5.36907,-4.617518,-2.796906,-1.304707,-0.3168896,0.03409577,0.3570591,0.8602448,1.343907,1.812154,AD
PTPN11 ,0,0.8762441,0.3784008,-0.1150393,-0.5850841,-0.9487501,-0.9824123,-0.5960702,0.03572343,0.7597674,1.513177,AD
PURA ,-0.9109497,-0.9924597,-1.056342,-0.867116,-0.3473636,-0.2808304,-0.1449574,0.4607623,1.490595,2.848989,4.351788,AD
PYGM ,-1.772023,-1.130758,-0.6915502,-0.6241175,-0.7397651,-0.5969127,-0.4012837,-0.2205316,0.1153808,0.4519581,0.6221552,other
RAF1 ,-2.173218,-1.606901,-1.137167,-0.7401645,-0.2443022,0.46035,1.390824,2.850669,4.746188,4.832194,4.644683,AD
RAG1 ,-3.1127,-2.147454,-1.27824,-0.4990307,0.2204866,0.6186934,0.5132316,0.3626321,0.4270539,0.7049624,1.108959,AR
RAG2 ,-2.061288,-1.432491,-0.7856791,-0.03935668,0.03357679,-0.1011657,0.01683676,0.311766,0.5182151,0.7229761,1.042623,AR
RAPSN ,-0.3394183,-0.3417813,-0.3881059,-0.2868562,-0.1025658,0.1409668,0.6501398,0.8382252,0.560136,0.5762717,0.7151606,AR
RARS2 ,-2.503545,-1.609323,-0.8938689,-0.5071867,-0.5630054,-1.012058,-0.6771628,0.8680694,2.535156,4.33443,5.069851,other
RASGRP2 ,-4.089018,-4.395864,-4.37558,-4.28611,-4.289464,-3.717792,-1.975364,-0.45978,0.3002454,0.6596351,0.9928356,AR
RB1 ,-3.166351,-2.024747,-1.056363,-0.2945817,0.1826143,0.3624595,0.3723716,0.2508321,0.2269175,0.4837116,0.8855557,AD
RDH12 ,-0.9227234,-0.8560921,-0.909415,-0.9356758,-0.5264005,-0.3755961,-0.562255,-0.3634375,0.2821152,1.199509,2.238386,other
RDH5 ,-0.9470248,-0.7308026,-0.7090196,-0.5839049,0.09314693,0.8269853,0.7723802,0.3242895,0.4729614,1.053202,1.802597,other
RERE ,-2.579026,-1.709856,-0.942314,-0.2766874,0.3316245,0.5271515,0.6559365,1.000945,1.26941,1.518135,1.889308,AD
RET ,-1.317204,-1.279322,-0.9573472,-0.4805797,-0.309385,-0.3650416,-0.08740741,0.54158,1.332777,1.407214,1.193001,other
RHD ,0.1555546,0.07309603,-0.06659648,-0.1422176,-0.1105012,-0.3376986,-0.925452,-2.158621,-3.750196,-3.651005,-3.336148,AR
RHOBTB2 ,-1.69327,-0.8477783,-0.1560707,0.3310266,0.5906595,0.4425691,0.1917722,0.1413093,0.1171786,-0.0555005,-0.3354049,AD
RHO ,-4.265171,-4.624527,-3.814131,-2.316514,-1.262181,-0.7920118,-0.6881005,-0.3671046,0.2622043,0.7435839,0.9775652,other
RLIM ,-4.582482,-4.170656,-2.332099,-1.03292,-0.2833836,0.319786,0.8929136,1.617166,2.901031,4.491304,4.371398,other
RNASEH2B ,-1.130945,-0.8422214,-0.5910911,-0.1916505,0.414364,1.067051,0.7519742,0.4714002,0.4293456,0.7083365,1.226835,other
ROBO3 ,-3.684684,-2.472651,-1.445114,-0.6698904,-0.236448,-0.1192964,0.114916,0.4446753,0.6683164,0.7626805,0.889693,AR
ROBO4 ,0.02516495,-0.1297139,-0.2251151,-0.1692013,0.4645597,1.755658,3.08716,3.300594,2.304014,0.8731476,0,AD
RP2 ,-3.926389,-4.303761,-4.478123,-4.548475,-4.497381,-2.627026,-1.388148,-0.606255,0.1474937,0.990102,1.904771,other
RPE65 ,-1.349145,-1.058554,-0.8568581,-0.690342,-0.4837793,-0.1356004,0.6078202,1.242333,0.8279593,0.6547301,0.6946172,other
RPGR ,-1.407497,-1.14121,-1.035728,-1.202789,-1.694913,-1.038974,0.144091,0.506898,0.4882695,0.8098271,1.181992,other
RPS6KA3 ,-3.708371,-4.298473,-4.531687,-3.190226,-1.812597,-1.095803,-0.6506348,0.1093364,1.355904,2.859139,4.501953,other
RS1 ,-3.309506,-2.560415,-1.909495,-1.403143,-1.057332,-0.6467749,-0.1353392,0.4309762,1.189565,2.239883,3.488423,other
RTEL1 ,-0.632998,-0.6356571,-0.3864053,0.3760627,0.8728399,0.9428746,0.9980743,1.307748,2.405574,3.798292,3.432419,other
RUNX2 ,-0.7423728,-1.053264,-1.441701,-1.934713,-2.443656,-1.295096,-0.05306071,1.309297,2.857477,4.576581,4.729341,AD
RYR1 ,-1.437184,-1.220851,-0.9341886,-0.5520076,-0.1908584,0.0595206,0.2138304,0.3888299,0.7188942,1.190864,1.725426,other
RYR2 ,-1.959199,-1.36682,-0.880531,-0.5325743,-0.08731816,0.4805518,0.8312176,0.9410985,0.9898874,1.015988,1.074032,AD
SACS ,-0.9506717,-0.8953622,-0.7449009,-0.4067063,-0.02427062,0.2399762,0.4887237,0.9039547,1.47658,2.158663,2.948573,AR
SAMD9L ,-0.2407296,-0.09838539,0.06362086,0.4190614,0.7803087,0.51767,0.2964628,0.1030916,-0.6620094,-1.924911,-3.042997,AD
SAMD9 ,-0.1851602,-0.1256047,0.03991939,0.351605,0.4686735,0.4404723,0.4139244,-0.134805,-1.072413,-2.324944,-3.318652,other
SASH1 ,-3.937446,-2.567811,-1.354823,-0.5314294,-0.08798822,0.3008509,0.7395972,1.090406,1.58555,2.355561,3.304408,other
SATB2 ,-2.50201,-1.775199,-1.185493,-0.6817216,0.04675267,0.4496309,0.490626,0.7266015,1.449343,2.57945,3.871976,AD
SCN11A ,-0.6598159,-0.6222414,-0.7273726,-0.8250998,0.2025848,0.9127876,0.5864923,0.3583339,0.5646442,0.7607301,0.9111147,AD
SCN1A ,-1.706708,-1.563377,-1.36182,-1.108782,-0.8221507,-0.4818041,-0.1032137,0.2797585,0.6598216,1.089055,1.537564,other
SCN2A ,-2.862315,-2.295166,-1.965991,-1.783649,-1.223176,-0.6624807,-0.3426949,0.08618403,0.502162,0.8470868,1.214019,AD
SCN3A ,-1.898334,-1.281269,-0.905981,-0.8632181,-1.184708,-0.8915656,-0.08999332,0.3615164,0.6887857,0.864642,1.008086,AD
SCN4A ,-5.282559,-5.441083,-4.069737,-2.422177,-1.204123,-0.2765541,0.2927797,0.3772755,0.4409394,0.6026997,0.8153138,other
SCN5A ,-1.246611,-1.321746,-1.232552,-0.723568,-0.4514307,-0.5380118,-0.6653222,0.05486529,0.6432101,0.9654802,1.203485,other
SCN8A ,-2.434719,-1.908614,-1.380065,-0.8667632,-0.6066233,-0.4163858,-0.1800273,0.1205182,0.394642,0.5069998,0.5125988,AD
SCN9A ,-4.496283,-4.576148,-2.784306,-1.2458,-0.2795819,0.05051947,0.04613734,0.1073351,0.3455668,0.5289415,0.7359534,other
SDHA ,-2.797363,-1.687226,-0.8065382,-0.3363251,-0.08707889,0.06243067,-0.1217122,-0.3279792,0.04750653,0.5864625,1.16266,other
SDHB ,-4.587025,-4.159999,-2.828049,-1.683783,-0.6900715,0.2694293,1.407947,3.095602,4.428142,4.828894,4.869521,other
SEC23B ,-2.275781,-1.319118,-0.6598425,-0.4099874,-0.5112054,-0.7852254,-0.3086031,0.2010158,0.5276761,0.6808746,0.7970524,other
SELENON ,-2.070935,-1.349849,-0.7658462,-0.2665439,0.6956374,2.112807,3.723784,4.577242,4.595885,4.579037,4.297434,other
SERPINA1 ,-3.680312,-2.585293,-1.696485,-0.986372,-0.4021617,0.04999305,0.2785073,0.3622398,0.4885301,0.8233436,1.373213,other
SERPINC1 ,-3.737387,-3.463706,-2.248426,-1.08495,-0.09766429,0.1936775,0.06848725,-0.07486103,0.1031711,0.3824677,0.6102847,other
SERPING1 ,-4.824215,-4.863091,-4.757519,-3.84392,-2.242641,-0.7943173,0.6299602,2.19005,4.117731,4.967378,4.992924,AD
SETBP1 ,-4.432888,-4.55373,-4.410338,-4.161031,-3.876238,-2.103938,-0.666582,0.3694182,0.9216179,1.306823,1.686532,AD
SETD1B ,-2.820212,-1.668322,-0.5772055,0.4211168,1.226558,1.921383,2.71187,3.642432,2.945825,1.685245,0.01738896,AD
SETD5 ,-3.060091,-1.85784,-0.7899506,0.08189763,0.6899621,0.9227448,0.668987,0.8209252,1.669293,2.704801,3.844024,AD
SETX ,-0.6968344,-0.5710636,-0.3402964,-0.03209529,0.1435729,0.53081,1.003209,0.9582486,1.098152,1.556004,2.211257,other
SGCA ,-0.398582,-0.2364247,-0.02943442,0.09134599,0.252728,0.8839786,1.378169,0.7715004,0.3678317,0.2228079,0.2659339,AR
SGCE ,-4.190278,-4.515794,-4.519947,-3.224317,-1.577987,-0.2310707,0.5790899,0.6963339,0.8549654,1.33594,2.087005,AD
SGSH ,-1.118265,-1.002859,-0.8899826,-0.9192787,-0.8641956,-0.6628946,-0.4338736,0.01859101,0.3500973,0.7041726,1.137236,other
SH3BP2 ,-4.597126,-4.668985,-3.830785,-2.042413,-0.8274496,0.1655828,1.172975,2.300405,3.685572,4.418393,3.96688,AD
SH3TC2 ,-4.715825,-4.797085,-4.566267,-3.941573,-2.039169,-0.5770746,0.6113497,1.022329,1.012814,1.072948,1.238367,other
SKI ,-4.986929,-5.023926,-4.671123,-3.046717,-0.4315211,2.192965,3.11307,2.137785,1.440795,1.090314,0.9355603,AD
SLC12A3 ,-1.469229,-1.249068,-0.976963,-0.59928,-0.2605985,-0.1288677,0.09299888,0.4070272,0.8192129,1.168771,1.403342,AR
SLC16A2 ,-2.832833,-1.841206,-0.9308437,-0.2654638,-0.09231425,-0.02234372,0.1872149,0.5484638,1.179556,2.262153,3.605373,other
SLC19A3 ,-4.674753,-3.180016,-1.62596,-0.6332022,-0.1556872,0.1539988,0.4168983,0.9191655,1.696716,2.668677,3.788243,AR
SLC20A2 ,-1.004355,-0.665778,-0.5168274,-0.501072,-0.02806443,0.334053,0.7643354,1.788203,3.197964,4.442264,4.020629,AD
SLC22A5 ,-1.525611,-1.021206,-0.646222,-0.6393837,-0.5013547,0.08064419,0.3618864,0.5274852,0.5827432,0.5021623,0.4574933,AR
SLC25A13 ,-1.123542,-0.7886907,-0.6509972,-0.8001541,-0.982473,0.06626766,0.8321148,0.2663653,0.2545714,0.7225569,1.270852,AR
SLC25A15 ,-4.578655,-4.651292,-4.409653,-3.948463,-2.201745,-0.6070607,0.4415709,0.3105094,0.4453176,0.9182024,1.506269,AR
SLC26A2 ,-4.746784,-3.761446,-2.228113,-0.8869869,0.09910522,0.01433685,-0.2957684,-0.209274,0.3005656,0.7120304,0.9684579,AR
SLC26A4 ,-1.325673,-0.9431815,-0.6527094,-0.5106242,-0.3026783,-0.1402297,-0.1876263,-0.01541629,0.3941318,0.7129345,0.836235,other
SLC29A3 ,-4.623468,-4.668267,-4.436122,-3.68406,-1.624285,-0.04952852,0.4776464,0.6801718,0.7843432,0.9850576,1.198482,AR
SLC2A1 ,-0.9781873,-1.198582,-1.196593,-1.197709,-1.305855,-1.167246,-0.7664314,-0.2904367,0.5156757,1.590318,2.791092,other
SLC34A3 ,-3.433817,-2.134333,-0.9336456,0.02455812,0.3806412,0.3456092,0.5838428,1.008116,1.087693,1.168364,1.446148,AR
SLC35A2 ,-4.787198,-4.966588,-4.844413,-4.53524,-3.410801,-1.646451,-0.1257325,1.00688,1.137125,1.261111,1.553095,other
SLC3A1 ,-4.362641,-4.481115,-4.381986,-4.264343,-2.745127,-1.232147,-0.2473702,0.3234178,0.5289048,0.6452395,0.7583901,AR
SLC40A1 ,-3.465621,-2.270752,-1.228302,-0.4367461,0.1583543,0.2933511,0.2325598,0.4529365,1.025264,1.991067,3.13637,AD
SLC45A2 ,-1.70024,-0.8776564,-0.3198577,-0.1924522,-0.365506,-0.3877152,0.6542341,0.9187059,0.7730026,0.9206943,1.166789,AR
SLC4A1 ,-3.441217,-2.284796,-1.304255,-0.6279018,-0.333694,-0.4659411,-0.5917766,-0.1641459,0.3164615,0.7215944,0.9473212,other
SLC52A2 ,-1.61773,-1.108406,-0.7457106,-0.6808003,-0.908548,-0.2239276,0.8801936,2.158554,3.833751,4.749138,4.679736,AR
SLC6A1 ,-1.287336,-0.9877645,-0.7520448,-0.4824351,-0.1908042,-0.01127331,0.06157546,0.2327898,0.5712121,0.8632538,1.064695,other
SLC6A5 ,-4.414602,-4.601249,-4.559038,-4.391426,-4.175287,-3.378646,-1.321737,-0.1551068,0.5749287,1.175448,1.681215,other
SLC6A8 ,-3.047297,-2.10316,-1.325041,-0.7743034,-0.545019,-0.9770146,-1.231163,-0.2709906,0.5328556,1.18775,1.831312,other
SLC7A9 ,-1.016829,-0.6957177,-0.4978353,-0.4674462,-0.4103618,-0.5311818,-0.8676301,-0.5214543,0.4047777,0.9205147,1.252891,other
SMAD4 ,-4.631317,-4.391256,-2.740017,-1.374982,-0.6015305,-0.3503683,-0.2663414,0.1293884,1.146838,2.468864,3.87999,AD
SMARCA2 ,-1.695946,-1.636251,-1.442043,-0.725476,-0.31066,-0.4653444,-0.1292892,0.6909556,1.353113,1.4194,1.482199,AD
SMARCA4 ,-0.7265098,-0.7581855,-0.790772,-0.7590796,-0.5419789,-0.2473943,0.0846339,0.2827601,0.6345789,0.7416031,0.6019878,other
SMARCAL1 ,-4.811626,-4.794803,-4.459696,-4.022585,-3.846363,-2.858082,-1.33093,-0.08356635,0.674673,1.10807,1.446379,AR
SMC1A ,-3.828943,-4.42737,-4.104853,-2.684143,-1.57658,-0.7707697,-0.2914093,0.06332703,0.4779316,0.887443,1.298027,other
SMPD1 ,-1.827783,-1.375143,-0.8935862,-0.4822751,-0.2157389,-0.037094,0.07674539,0.2237883,0.5274973,0.909819,1.144757,AR
SNRNP200 ,-4.306105,-4.582625,-4.607681,-4.458904,-2.581281,-1.118353,-0.4092367,0.04295636,0.4715738,1.01698,1.683284,AD
SOS1 ,-1.54181,-1.182112,-0.9253872,-0.7220196,-0.4170727,0.02221861,0.5460226,0.754846,0.7771683,0.8034537,0.8536432,other
SOS2 ,-0.8295882,-0.656906,-0.6577536,-0.8528939,-0.558187,0.1339684,0.5604402,0.9119737,1.012961,0.9105905,0.9276767,other
SOX10 ,-4.655178,-4.834947,-4.76118,-4.601596,-2.867232,-1.35421,0.1344852,1.782818,3.79427,4.942722,4.935993,AD
SOX2 ,-4.290923,-4.595482,-4.526155,-4.25414,-3.927478,-1.888991,-0.7143145,-0.08224174,0.5884321,1.341272,2.179924,AD
SOX9 ,-4.497572,-4.689866,-4.621643,-3.300528,-1.967437,-1.16747,-0.8953874,-0.6026482,0.1775152,1.056821,1.909781,AD
SPAST ,-2.461764,-2.029721,-1.728811,-1.398944,-0.826226,-0.1586964,0.8223027,2.387994,4.421454,4.96263,4.935851,AD
SPATA5L1 ,-1.245135,-0.5802597,-0.07682984,0.02368592,-0.2818116,-0.6649199,-0.01087656,0.4900379,0.5432558,0.6492426,0.7258516,other
SPATA5 ,-1.546565,-1.059052,-0.6592136,-0.3824167,-0.2331103,0.05275449,0.4588756,0.6657875,1.036857,1.696632,2.517516,AR
SPG7 ,-0.8841658,-0.8371329,-0.6842752,-0.544578,-0.3293278,0.3566254,0.6596758,0.3012938,0.3611633,0.5886299,0.7855482,other
SPTA1 ,-0.6156397,-0.5147457,-0.6172022,-1.048235,-1.452312,-0.5052708,0.2536107,0.7193654,0.8687551,0.7122703,0.3649625,other
SPTAN1 ,-0.6580361,-0.4177827,-0.3390514,-0.309932,-0.1534797,-0.0528817,-0.02123328,0.02186402,0.3717718,0.6706215,0.8180653,AD
SPTBN2 ,-3.053767,-2.000236,-1.155374,-0.6832205,-0.6832172,-0.7246199,-0.2540469,0.2992117,0.6641364,0.853825,1.005632,other
SPTB ,-4.246731,-4.45211,-2.933129,-1.488411,-0.351144,0.3944182,0.4947194,0.1478757,0.3616351,0.8510364,1.276419,AD
SPTLC1 ,-1.675372,-1.036176,-0.619171,-0.4083059,0.008089709,0.5079276,0.2378576,0.1898158,0.3436796,0.6219092,1.023787,AD
STAT3 ,-1.001531,-0.9561455,-0.8341318,-0.6395199,-0.3884451,-0.005397503,0.3027517,0.341773,0.5739017,1.19424,2.011379,AD
STK11 ,-4.240799,-4.610993,-4.70854,-4.552501,-4.248221,-2.865618,-0.7935601,1.348791,3.625919,4.713074,4.809346,AD
STXBP1 ,-2.707553,-1.918347,-1.399498,-1.206868,-1.025929,-0.7969799,-0.7148424,-0.3808326,0.2229416,0.7843207,1.253123,other
SUCLA2 ,-4.488442,-4.61249,-4.439557,-4.078509,-3.947502,-3.773742,-2.10755,-0.7496129,0.2129049,0.975169,1.676537,other
SUMF1 ,-4.430823,-4.500149,-4.315362,-2.904446,-1.872361,-1.170543,-0.4995103,0.3429469,1.945322,3.936956,4.772177,AR
SUOX ,-0.6512913,-0.5396833,-0.4944868,-0.9027761,-2.124878,-2.979207,-1.5521,-0.5710369,0.1045514,0.5772391,0.9844039,AR
SURF1 ,-0.4551313,-0.569551,-0.762779,-1.317151,-2.23526,-1.230401,-0.4627609,0.0297219,0.7207884,1.772718,2.972329,AR
SYNGAP1 ,-0.9170088,-0.7149216,-0.5210125,-0.2192332,0.2098502,0.528701,0.7541131,0.844928,0.8436949,1.006744,1.323494,other
TBC1D24 ,-0.5791783,-0.5483608,-0.4896954,-0.4017832,0.03958814,0.5118877,0.6179118,1.005621,1.236433,0.7793413,0.3334805,other
TBCD ,-1.221874,-0.6652937,-0.2372352,0.06621635,0.4631822,0.6926227,0.6000072,0.5143336,0.6987488,1.152133,1.672563,AR
TBX4 ,-4.476059,-4.560667,-2.841448,-1.439975,-0.3707099,0.2061646,0.0999392,-0.03567761,0.739875,1.714049,2.7472,AD
TBX5 ,-2.07255,-1.264578,-0.6222513,-0.2734024,-0.2381231,-0.5686125,-1.134861,-0.03867914,0.5338267,0.8052187,1.073629,AD
TCF4 ,-0.7417825,-0.6089933,-0.4485464,-0.215603,0.09456562,0.3505752,0.2994767,0.09404317,0.2419232,0.8585331,1.645088,AD
TECTA ,-4.700703,-4.219814,-2.643506,-1.339676,-0.3764281,0.2975273,0.6620828,0.8648168,1.001213,0.9730825,0.8688122,other
TEK ,-4.595729,-4.856796,-4.822989,-3.475542,-1.742557,-0.4564028,0.5155588,1.308537,2.146306,3.200675,4.451435,AD
TERT ,-0.5860536,-0.4032425,-0.09958967,0.445728,1.364609,2.994788,4.431974,4.459038,4.36652,4.311351,4.197444,other
TGFB2 ,-4.255441,-4.563231,-3.300321,-1.457112,0.3478998,1.876389,1.305417,0.6224787,0.2296564,0.4279671,1.058624,AD
TGFBI ,-4.066326,-4.44869,-3.095731,-1.643769,-0.5519865,0.02899279,0.1625224,0.09321883,0.2162445,0.4181031,0.705274,AD
TGFBR2 ,-4.493967,-4.640114,-4.457711,-3.978363,-3.461266,-2.414191,-1.436965,-0.4743722,0.5128401,1.565558,2.68673,AD
TGM1 ,-2.930371,-2.017652,-1.199847,-0.5245191,-0.1591648,0.03694349,0.4517044,0.9041836,0.941828,1.071771,1.367454,AR
THRB ,-4.353141,-4.43152,-2.893748,-1.654891,-0.8706934,-0.2268359,0.6475626,1.854003,3.343024,4.607864,4.344939,other
TINF2 ,-2.084809,-1.121295,-0.2094999,0.4604945,0.7800557,0.5885957,0.09673175,0.5612846,1.537683,2.535102,3.051327,AD
TK2 ,-0.9714672,-0.893308,-0.8890965,-0.7481707,-0.1302129,0.4879765,1.228966,2.414038,4.384046,4.604647,4.496395,AR
TMEM67 ,-1.281326,-0.8993522,-0.3950475,0.05696523,0.1149968,0.121915,0.4670659,1.248182,2.481123,3.983337,4.552224,AR
TMPRSS3 ,-1.667733,-1.138544,-0.6729715,-0.3676041,-0.2116951,0.05293409,0.413151,0.6461124,0.8455104,1.227243,1.723701,AR
TNFRSF1A ,-2.595383,-1.797899,-1.170744,-0.8778122,-0.8724649,-0.5325985,-0.1278373,0.2881148,1.200844,2.740193,4.444576,AD
TP53 ,-5.211426,-5.445486,-5.443356,-4.220959,-2.847205,-1.845191,-1.166993,-0.5341808,0.1887472,0.8426897,1.436202,AD
TP63 ,-1.326435,-1.407463,-1.563106,-1.286268,-0.5808593,-0.1809355,-0.01915507,0.4976056,1.765521,3.265756,4.854459,AD
TPO ,-0.7128054,-0.5874357,-0.4844867,-0.248272,0.05850436,0.4609569,0.8256241,0.8251789,0.9032945,1.189047,1.62935,AR
TPP1 ,-3.360274,-2.419134,-1.601237,-0.9518018,-0.4717501,0.1498712,1.26869,2.744351,4.574144,5.093472,4.967672,AR
TRIO ,-0.92406,-0.9135085,-0.8873886,-0.8638902,-0.698225,-0.214729,0.2196398,0.6986126,1.171593,1.375338,1.444795,AD
TRMU ,-4.830065,-4.826233,-4.51249,-3.682656,-1.613766,0.3016738,1.015658,0.7529155,0.6889673,0.8697008,1.205761,other
TRPV4 ,-1.239675,-0.7747611,-0.2761636,0.0335326,0.1135987,0.281831,0.5616796,0.6352484,0.6679235,0.6521281,0.4909955,AD
TRRAP ,-0.03689905,0.08295915,0.0954422,0.0302145,-0.03336325,-0.05199004,-0.09084038,-0.1764097,-0.2951093,-0.4349563,-0.07713586,AD
TSC1 ,-1.699821,-1.088107,-0.568121,-0.1743784,0.04990826,0.05232478,0.5602499,1.298753,2.20153,3.35648,4.6616,AD
TSC2 ,-1.858645,-1.546761,-1.201153,-0.9220862,-0.8051279,-0.6659478,-0.3181262,0.1105774,0.6355615,1.138443,1.551694,AD
TUBB8 ,-2.22348,-1.332017,-0.4618732,0.1935036,0.1410947,0.01047141,0.1980618,0.2059833,0.05689206,-0.04956602,-0.1315163,other
TULP1 ,-4.780318,-4.888861,-4.704331,-3.794537,-1.975993,-0.8170774,-0.08874569,0.5091144,1.230696,2.28707,3.598286,AD
TYMP ,-4.423509,-4.818164,-4.956424,-4.874342,-4.620808,-2.710057,-1.207299,-0.0847058,0.7743801,1.591664,2.460117,AR
UMOD ,-2.640155,-1.839099,-1.219215,-0.7962232,-0.4618856,-0.1863604,0.1239133,0.5713275,0.8527966,0.9585845,1.216358,AD
UROS ,-3.9357,-4.193328,-4.304964,-4.339032,-2.95897,-1.449186,-0.4781494,-0.139309,0.1799435,0.5042804,0.7069973,AR
USH2A ,-1.108406,-0.8091012,-0.4640003,-0.1138502,0.246016,0.5378105,0.7344456,0.869088,0.940508,1.086655,1.268669,other
USP9X ,-4.290885,-4.611984,-4.115525,-2.649067,-1.604304,-0.864146,-0.2905317,0.447976,1.453605,2.695485,4.136699,other
VWF ,-0.7809577,-0.6606488,-0.4843864,-0.263762,-0.03025536,0.2100662,0.4195947,0.6542678,0.9324654,1.190467,1.304364,other
WASHC5 ,-2.103308,-1.304393,-0.6151545,-0.2578315,-0.4876559,-0.6536671,0.7519054,2.559313,4.509884,4.617834,4.310432,other
WAS ,-5.030588,-5.204394,-3.773831,-2.08569,-0.805207,-0.3309648,-0.07621769,0.4083569,0.9364024,1.599355,2.397656,other
WDR19 ,-4.436821,-3.785957,-2.308509,-1.168301,-0.4897153,-0.3196288,-0.2418005,0.2325385,0.8071926,1.06843,1.234914,AR
WDR35 ,-3.803966,-4.0106,-2.375092,-1.075913,-0.2598604,0.2655068,0.4771602,0.413875,0.4738815,0.4990154,0.4692044,AR
WDR45 ,-2.243811,-1.509447,-0.9840424,-0.7574732,-0.8720956,-1.142506,-0.4290634,0.3491679,0.9458318,1.662918,2.460996,other
WDR62 ,-4.679809,-3.906199,-2.337985,-1.056552,-0.1380906,0.5530301,0.7766131,0.8468361,1.560446,2.647589,3.860484,AR
WFS1 ,-0.8420442,-0.5180874,-0.1856794,0.06809243,0.1731348,0.3108874,0.5338642,0.765838,1.090024,1.287915,1.370714,other
WNT10A ,-4.474322,-4.719713,-4.743394,-3.331319,-1.88103,-0.8225615,-0.1555837,0.2613274,0.5983632,0.8251544,0.9687669,other
WWOX ,-3.746041,-2.336467,-1.181315,-0.3054067,0.2139474,0.2787965,0.06845611,0.2156852,1.003763,1.061811,1.105746,other
YWHAG ,-2.002983,-3.113873,-3.820034,-4.202779,-4.156096,-2.705084,-1.426931,-0.3324407,0.4046124,1.016825,1.664905,AD
ZBTB20 ,-2.903877,-2.021314,-1.25564,-0.7528346,-0.4174364,0.03125138,0.3873264,0.6987348,1.32681,2.400442,3.697764,AD
ZEB2 ,-4.858476,-5.082678,-5.05433,-4.83848,-3.596711,-1.830224,-0.5160921,0.6430005,1.409205,1.64435,1.795477,AD
